#CODE;ENGLISH;;;;;;;;;;;;;x
#Event Titles
dw_lilith_dream_title;Dreaming of Lilith;;;;;;;;;;;;;x
dw_pox_purge_title;ª³¦³İùÇ ¬ÈĞ©¹İ ®Èç‰;;;;;;;;;;;;;x
dw_lilith_blood_moon_title;Blood Moon Celebration;;;;;;;;;;;;;x
dw_blood_moon_tribute_payment;Blood Moon Tribute;;;;;;;;;;;;;x
dw_blood_moon_tribute_no_payment;No Blood Moon Tribute;;;;;;;;;;;;;x
dw_incubus_nightmare;Incubus: Nightmare;;;;;;;;;;;;;x
dw_incubus_illusionist;Incubus: Illusionist;;;;;;;;;;;;;x
dw_incubus_monster;Incubus: Monster;;;;;;;;;;;;;x
dw_incubus_leech;Incubus: Leech;;;;;;;;;;;;;x
dw_incubus_seducer;Incubus: Seducer;;;;;;;;;;;;;x
dw_succubus_demoness;Succubus: Demoness;;;;;;;;;;;;;x
dw_succubus_corrupter;Succubus: Corrupter;;;;;;;;;;;;;x
dw_succubus_monster;Succubus: Monster;;;;;;;;;;;;;x
dw_succubus_leech;Succubus: Leech;;;;;;;;;;;;;x
dw_succubus_seductress;Succubus: Seductress;;;;;;;;;;;;;x
dw_lilith_immortal_gift;Lilith's Immortal Gift;;;;;;;;;;;;;x
dw_blood_moon_drunkard;Blood Moon Drunkard;;;;;;;;;;;;;x
dw_blood_moon_gluttony;Blood Moon Gluttony;;;;;;;;;;;;;x
dw_blood_moon_spanking;Blood Moon Spanking;;;;;;;;;;;;;x
dw_blood_moon_ass_ale;Blood Moon Ass Ale;;;;;;;;;;;;;x
dw_blood_moon_lesbian_wine;Blood Moon Wine Tasting;;;;;;;;;;;;;x
dw_beautify_self_title;Beautify Self;;;;;;;;;;;;;x
dw_heal_major_self_title;ª³İäÆÙ ¬³¡³ ®Èë‹;;;;;;;;;;;;;x
dw_incubus_death_dream_title;ìÁÉëÆØùÇ •ÁØ;;;;;;;;;;;;;x
dw_life_leech_title;A Lover's Embrace;;;;;;;;;;;;;x
dw_alter_appearance_title;ù¿èˆ ©¹Ì¡¹İ;;;;;;;;;;;;;x
dw_incubus_intimidation_illusion_title;«ÈÌî‹©·êŒ ùÄ²¹Ù;;;;;;;;;;;;;x
dw_alter_cock_size_title;Cock Shaping;;;;;;;;;;;;;x
dw_alter_tits_size_title;Breast Shaping;;;;;;;;;;;;;x
dw_kiss_of_seduction_title;ë‹ñ»ÉùÇ ¯ÈêŒ;;;;;;;;;;;;;x
dw_succubus_corruption_spell_title;®·Ğ¬·²³Ì éŠ±´;;;;;;;;;;;;;x
dw_lilith_immortality_spell;éÁĞ¨¹ĞùÇ ìŠèÁÌ;;;;;;;;;;;;;x
dw_blood_moon_intimate_art;Intimate Dinner Art;;;;;;;;;;;;;x
dw_heal_minor_self_title;¬³ÉëÆÌ ¬³¡³®Èë‹;;;;;;;;;;;;;x
dw_heal_moderate_self_title;ìÁİäÆÙ ¬³¡³ ®Èë‹;;;;;;;;;;;;;x
#Custom Tooltips
dw_refused_liliths_embrace;I refuse Lilith's embrace. Opening myself to Divine salvation.;;;;;;;;;;;;;x
dw_blood_moon_cooldown;Blood Moon cool down;;;;;;;;;;;;;x
dw_blood_moon_no_show_fallout;Failing to pay tribute will lessen [From.GetFirstName] in people's opinion.;;;;;;;;;;;;;x
dw_blood_moon_celebration_begins;The Blood Moon Celebration Begins!;;;;;;;;;;;;;x
#Decisions
dw_pox_purge;ª³¦³İùÇ ¬ÈĞ©¹İ ¬³¡³®Èç‰;;;;;;;;;;;;;x
dw_pox_purge_desc;¦ÈĞ¦ÈêŒùÇ ¬³¢¹çˆ“· ¢³åÆÌ ¬ÈĞ©¹İ ëÁÌ©³Ì«ÈÌ«È ô¿ĞêŠæˆ «ÈÜëŒ¨¹ äŒ ¬ÈĞ©¹İëŒçˆéŠ°· ¬³ë‹ç»Ù¡¸ ô¿ĞêŠæˆ «ÈÜ¥³. «È ¬³¡È ¬·İÿ¼ ùÇªÈÉëÆĞ ï»İ²´ ¢³åÆÌ «¹Ì«ÈÌæÆĞ«¸¡¸ ë»Ò¡ÈĞ ¬ÈĞ©¹İëÆĞ ¬³¡³®Èë‹²³ĞêŠ«ÈÜ¥³.;;;;;;;;;;;;;x
dw_blood_moon_ritual;éÆĞ¦·æŒ èÁÌ ùÇªÈÉ;;;;;;;;;;;;;x
dw_blood_moon_ritual_desc;«È ïÆÉ©¹Ğ²³Ì ¢³ĞëÆĞ ¡È¢¹Ø²³¨¹ «·¨·¢È ¦ÈĞ¦ÈêŒçÆĞ íÁÉé»É²³Ù¢È¥³.;;;;;;;;;;;;;x
dw_beautify_self;«³çÆØ¥³Ù¡¸ ©¹Ì²³¥³;;;;;;;;;;;;;x
dw_beautify_self_desc;¦ÈĞ¦ÈêŒùÇ ¬³ÉëÆÌ íÁÉé»ÉëŒçˆ, ¢³åÆÌ ù¿èˆçÆĞ ²µİª³İªÈ¯¹ ¥³çÆÌ ª³¦³ØæÆĞéˆ¥³ ¥· ¨´¦¹É¬·ÉëŒçˆ éˆ«Èæˆç»É ²³¡¸ ²³Ğ êŠ «ÈÜ¡¸ ô¿«·Ü¥³. äŒ«¸ ‘³¦³ ¨¹ß¡³¬È åÆİ¦¹ÉæÆĞ«È ²µİª³İô¿Ù¢È¥³.;;;;;;;;;;;;;x
dw_lilith_major_heal_self;ª³İäÆÙ ¬³¡³ ®Èë‹;;;;;;;;;;;;;x
dw_lilith_major_heal_self_desc;¦ÈĞ¦ÈêŒùÇ ¬ÈÌÿ¼ùÇ ¬·Ğ¬·İ«¸ «ÈçŒ¦· ¢³åÆÌ «È¬¸ ²¹İ°´çÆĞ ©³•ŠåÆÌ ¢³ùÇ åÆİ¦¹É«È ìÁİ¥´²³Ì ¬ÈĞ©¹İ«È¢³ éŠª³İæÆĞëÆĞ ®Èç‰²³äˆ «È×«·©·¦ÈÌ ªÈÌ®¸éŠùÄæÆĞ³¬È ¬´ª´İª·İ ªÈ¯ÈĞêŠ «ÈÜ¡¸ ô¿«·Ü¥³.;;;;;;;;;;;;;x
dw_lilith_minor_heal_self;¬³ÉëÆÌ ¬³¡³ ®Èë‹;;;;;;;;;;;;;x
dw_lilith_minor_heal_self_desc;¢³åÆÌ ²¹İ°´çÆĞ ©³•ÁĞêŠ «ÈÜåÆÌ åÆİ¦¹ÉëÆĞ «·Ï«·Ü¥³. ¢³åÆÌ ª³İ®·çÆĞ «ÈÙëÆÌ ä»Û«È¢³ ¬ÈĞ©¹İëÆĞ ®Èë‹²³åÆÌ¥¸ ª³ëÀİ²³Ğ¡·Û«È¥³.;;;;;;;;;;;;;x
dw_lilith_moderate_heal_self;ìÁİäÆÙ ¬³¡³®Èë‹;;;;;;;;;;;;;x
dw_lilith_moderate_heal_self_desc;¢³åÆÌ ¢´ è»ØëÆĞ ©³•ŠåÆÌ åÆİ¦¹ÉëÆĞ ï»İ²´ «ÈĞéŠ ¬ÈĞ©¹İæÆĞëÆĞ ¬¸¡·²³äˆ ªÈØ¡³É²³Ì ê»Ìª³İæÆĞëÆĞ ®Èç‰²´ª· ¢´ è»ØùÇ ¡¹Ğ²³ØæÆĞëÆĞ ä‰¬·İ²³äˆ åÆİ¦¹ÉëÆĞ ¥³ªÈ ª³İêÆİªÈ¯ÈĞ¡·Û«È¥³.;;;;;;;;;;;;;x
dw_lilith_incubus_death_dream;ìÁÉëÆØùÇ •ÁØ;;;;;;;;;;;;;x
dw_lilith_incubus_death_dream_desc;«ÈæÆĞùÇ ¬ÈÌÿ¼åÆÌ «³Éè»İùÇ ¥³Ì¡º³¬È æˆ¥³Ğ²³«¹Ü¥³. «ÈÌî‹©·êŒåÆÌ ¥³çÆÌ ª³¦³ØùÇ •ÁØ«¸ ®ÈØïŠ²³ĞêŠ «ÈÜ¡¸ ô¿«·Ü¥³. ìÁÉëÆØùÇ •ÁØëÆÌ äŒ ª³¦³ØùÇ •ÁØ«¸ æÆĞ«·¡³ ìÁÉ«ÈØëÆĞ ¥³İ²³åÆÌ ª³İÿ¼İëÆĞ ¨³ÌæÆĞ«· ²¹ÌªÈĞ«¸ª· éŠ¬·İ¬·É«ÈÌ «¹İ²µİëÆĞ ¨È®È¡¸²´ ¡¹ĞäÁÉ«¸ ìÁÉëÆØ«¸ «ÈçŒ¡¸ ¨³ÌæÆÌ¥³.;;;;;;;;;;;;;x
dw_life_leech_spell;ª´İ¨¹İ ñÆÙêŠ;;;;;;;;;;;;;x
dw_life_leech_spell_desc;¦ÈĞ¦ÈêŒùÇ ì»İ¬³çˆª·, äŒ¢¹åÆÌ ¢´¡³ «¹İñ»ÌëÆĞ ñÆÙêŠ²³äˆ äŒ¢¹ù¼ «¹İ¬·É«ÈÌ ò¼Ì¡ºçÆĞ ¡³İÿ¼ªÈ¯ÈåÆÌ ©³İ©·ÙëÆĞ «³Ğ¡¸ ²´ìŠ«·ÜêÆÙ¢È¥³. äŒ¢¹åÆÌ «¹Ì«ÈÌò¼ ©´ëŠ¬³ùÇ «¸¢·¬ÈçÆĞ ¡³¬³İ ¡³İ²³¡¸ ì»ã«³²³Ù¢È¥³.;;;;;;;;;;;;;x
dw_alter_appearance;ù¿èˆ ©¹Ì¡¹İ;;;;;;;;;;;;;x
dw_alter_appearance_desc;¢³åÆÌ «È¬¸ ¦ÈĞ¦ÈêŒ¡³ ª·Ì°´É²³Ì ¬ÈÌ¬·İ²³Ì èˆêÆÙëŒçˆ ©³šÄĞêŠ «ÈÜåÆÌ åÆİ¦¹ÉëÆĞ «·Ï«·Ü¥³. «È¡·ÛëÆĞ ²³¨¹Ì ª¸¡³¬È ë»Ùª¹Ì«È ¢³ëˆ¨¹ ğˆïŒ¦¸«ÈÛ «È¨È¬ÈçÆĞ ©¹Ì¡¹İ²³ĞêŠ «ÈÜ¥³. («È¨È ¥³çÆÌ ¯·êŒ°·Ø †ˆª³İÿ¼ èˆæŒçÆĞ ª³ëÀİ²³äˆ «ÈÜ¥³¨¹Ì ıÄİ¡ÈĞêŠ «ÈÜêÆÙ¢È¥³);;;;;;;;;;;;;x
dw_incubus_intimidation_illusion;«ÈÌî‹©·êŒ ùÄ²¹Ù;;;;;;;;;;;;;x
dw_incubus_intimidation_illusion_desc;²¹Ùª³İ«È¢³ ë‹ñ»ÉëÆĞ «ÈëÀİ²´æˆ ¢´ ùÇ¬ÈçÆĞ ¡³İë‰²³¡È ²ÈØæÆĞ‘´¡³ «ÈÜ¥³. ÿ¼Ìª³İùÇ ²ÈØëÆĞ «ÈëÀİ²³«¹ ¢´ ğ‰¬·ÉæÆĞ«¸¡¸ ùÄ²¹Ù¬·É«ÈÌ ²ÈØëÆĞ éˆ«¹ìŠ«· äŒæÆĞùÇ ¡¹ĞùÇçÆĞ ´äˆ ¡·Ù¬´İ«Èçˆ ¨³ÌæÆĞ ¡·Û«È¥³.;;;;;;;;;;;;;x
dw_alter_cock_size;¢´ ª·İ¡ÈçÆĞ ©¹Ì²¹İ;;;;;;;;;;;;;x
dw_alter_cock_size_desc;¢³åÆÌ ù¿èˆçÆĞ ©³•ÁĞ êŠ «ÈÜåÆÌ åÆİ¦¹ÉëÆĞ ¡³¬È¡¸ ô¿«·Üäˆ, «µÉ¡³ÌùÇ åˆ¦¹ÉëÆĞ ï»İ²´ ¢´ ¬³¬ÈçÆĞ ùÂÌ²³åÆÌ îŒ¯Èçˆ ¨³ÌæÆĞ êŠ «ÈÜ¡¸ ô¿«·Ü¥³.;;;;;;;;;;;;;x
dw_alter_tits_size;¢´ ¡³êÆØëÆĞ ª´çˆ¨³ÌæÆÌ¥³;;;;;;;;;;;;;x
dw_alter_tits_size_desc;¢³åÆÌ ù¿èˆçÆĞ ©³•ÁĞ êŠ «ÈÜåÆÌ åÆİ¦¹ÉëÆĞ ¡³¬È¡¸ ô¿«·Üäˆ, «µÉ¡³ÌùÇ åˆ¦¹ÉëÆĞ ï»İ²´ ¢´ ¡³êÆØëÆĞ ùÂÌ²³åÆÌ îŒ¡Èçˆ ¨³ÌæÆĞ êŠ «ÈÜ¡¸ ô¿«·Ü¥³.;;;;;;;;;;;;;x
dw_kiss_of_seduction;ë‹ñ»ÉùÇ ¯ÈêŒ;;;;;;;;;;;;;x
dw_kiss_of_seduction_desc;ë‹ñ»ÉëÆÌ ì»İì»İ ¬´¨È«ÈÜåÆÌ ¡¸«ÈØ«ÈÙ¢È¥³. «È ¡¸«ÈØëÆÌ ¥³İªÈÌ«¸¡¸ ¡³¬³İ ë‹¦È²³Ì ¡¸«ÈØ«È¡Èæˆ ²³Ù¢È¥³. ¢³ùÇ «ÈÙêÁĞëÆÌ ë‹ñ»ÉùÇ ¯ÈêŒçÆĞ ¡³¬Èäˆ «ÈÜêÆÙ¢È¥³. åŠäÁÌ¡³«¸¡¸ ’·Ì’·ÌêŒ¦·Ù¡¸ ¯ÈêŒ²³åÆÌ¡·ÛëÆÌ èÁÌ¬¸çÆĞ «ÈĞëŒ¯ÈĞêŠæˆ «ÈÜêÆÙ¢È¥³. äŒ¦´ª· ¯ÈêŒçÆĞ ²³¡È ¬·Ì ¬³ÉëÆÌ¡¸«ÈØò¼ ¡³á«È ë‹ñ»ÉëÆĞ ¨·Ì¬·²´«µ²³Ù¢È¥³.;;;;;;;;;;;;;x
dw_succubus_corruption;®·Ğ¬·²³Ì éŠ±´;;;;;;;;;;;;;x
dw_succubus_corruption_desc;«·¨·¢È ¦ÈĞ¦ÈêŒåÆÌ èˆæÆÌ¡·ÛëÆĞ éŠ±´ªÈ¯ÈåÆÌ ©³İ©·ÙëÆĞ «³Ğäˆ «ÈÜêÆÙ¢È¥³. «È¬¸ ¢³åÆÌ ¥·ëÁÉ¥· ¡³İ²³Ì ë‹¥´¡³ØëŒçˆ åÆİ¦¹ÉëÆĞ «·Ï«·Üäˆ ëÅÉ®¸¬·É ±ÈĞ¨¹Ğ¬³æÆĞëÆĞ «·¨·¢È ¦ÈĞ¦ÈêŒùÇ «ÈçÆØ²³«¸ ¬´«³İëÆĞ éÁĞ¦·ë»ĞêŠ «ÈÜêÆÙ¢È¥³.;;;;;;;;;;;;;x
dw_futa_morph_spell;‡Š°³¢³¦Èçˆ ©¹Ì¡¹İ;;;;;;;;;;;;;x
dw_futa_morph_spell_desc;¥³İªÈÌùÇ è»ØëÆĞ ¢³Øª·İò¼«¹ª·İ«È ²³Ù®¹¬ÈÌ ª·İ¬·ÉåÆİ¦¹ÉëÆĞ ¡³¬ÈÌ è»ØëŒçˆ ©³•ÁÙ¢È¥³. ¬³¬ÈçÆĞ «·Ïäˆ ‡Š°³¢³¦È¡³ ô¿Ì¥³.;;;;;;;;;;;;;x
#Event Descriptions
DWLilith11;¢´ •ÁØæÆĞëÆÌ ¥´¡¸ «·æŠùÂÜ¥³. ¢³çÆĞ éŠçŒåÆÌ ê»Éª³É«ÈØæÆĞò¼ ëÅÉ®¸ùÇ ¡È—ÆØæÆĞ«È ¢³çÆĞ ë‹ñ»É²´Ü¥³. ¢³åÆÌ ì»İì»İ ¬·Ğ¬·İëÆĞ ¨³Ş«È²³¨¹ ñÆØ’·É¬·ŞëÆÌ ª³İ°´çˆ ®ÈØ¥´«¸ª· ´«·¢³Ü¥³. ëˆåÆĞ ©³ØëÆÌ ù¾Ì¬È èˆçŒ¡¸ ¥·ëÁÉ ²¹ÌªÈĞ¬·É«Èäˆ ¥³çŒ¡¸ åŒ¹¬¹Ü¥³. ¢³ùÇ ©³İëÆÌ ù¾Ì¬È ‘³–ÆÛ²´Ü¥³. ¢³åÆÌ ¬¸¥³Ì ùÄ«¸ åŠùÂ«ÈÜåÆÌ ²³Ì «³É¨³çÆĞ ²µİ²´ ¡·Ğ«·¡³Ü¥³. ë‹ñ»É¬·É«ÈÌ è»Ø¬ÈÛëŒçˆ ¢³çÆĞ ©³¦³éˆ«³Ü¥³. äŒ¢¹åÆÌ ¢´¡³ é»Ì «·‘·²³Ì «¹¬³æÆĞò¼æˆ ¥³Ğ¦³Ü¥³. «³çÆØ¥³Ùäˆ ¨´•Œ¦·ëÁÌ ±ÈéŠù¼ «È¨³«¸ ¬³¦È¬³ÙëÆÌ ²³Ì“³İùÇ —ÁĞ, «³âôÄçˆ ª³Ğ¦³İ¡·¦ÈåÆÌ •ˆ¦È. äŒ¢¹åÆÌ ¢´¡¸ ¨Èêˆ ¬ÈëŒ¨¹ «ÈÙêÁĞëÆĞ ²³Õ«³Ü¥³. äŒ¢¹ùÇ ë‹ñ»É«¸ ¡³Éª·İ«È «ÈĞ«·¢³åÆÌæÆÛ ²´Ü¥³. ¢´ ¬³¬ÈåÆÌ ¦ÈĞ¦ÈêŒçÆĞ ¡È¥´²³åÆÌ æÆÛ ëÁØ”ÈĞ¡·¦¹Ü¥³. ¢³åÆÌ «·‘·ã¡¸æÆÌ ¬·İªÈÌëÆĞ ®³¦Èäˆ ¨³Ğ²³«¹Ü¥³. " ¥³İªÈÌëÆÌ åŠäŠªÈì‰?"  , ª¸ÉªÈ²³Ì ¨ÈêˆçÆĞ ¬ÈÛäˆ «³çÆØ¥³ëÁÌ «¹ª·İ«È «ÈÙêÁĞëÆĞ ¨³Ì¬È¨¹ ¥´¥³Ù²´ìŠ«·Ü¥³. " ¢³åÆÌ ¥³İªÈÌ«È «·¦¹ÜëÆĞ‘´çÆĞ ¡È«·É²³äˆ «ÈÜì‰. ¢³åÆÌ ¥³İªÈÌùÇ «·¨·¢È ¦ÈĞ¦ÈêŒ¦³Ù¢È¥³."  , ¢´ è»Øê»ÉùÇ ±ÈæÆĞ«È äŒ¢¹ùÇ ¨³Ğ«¸ ©³ÌëÆİ²³åÆÌ¡· ¡³á«³Ü¥³. ¢´ ªÈØ¬³İëÆÌ äˆæ»İ®È¨¹ ’³çŒ¡¸ ›Ä«·Ü¥³. ¢´ ¬³¬ÈåÆÌ äŒ¢¹ùÇ ù¼Ì©¹É²³Ì ¥³¦È ª³«Èçˆ êŒ¨¹æÆĞ«·¡³Ü¥³. ¢³åÆÌ «³âëŒçˆ ¡·Ğ«·¢³¡³Üäˆ ¦ÈĞ¦ÈêŒåÆÌ ¬¸¥³ÌùÄ«¸ –»É©³çˆ «³Í«³ ±³Ğò¼ ¥³¦ÈçÆĞ ©·Ğ¦¹ ¢³çÆĞ ¨³Ş«È²´Ü¥³.  " äŒ¦´ ¢³ùÇ «³«È«µ, ¢¸ «·Ø¨³¡³ ¢·çÆĞ ©³Ï«³æÆĞ«¹ìÁĞ¡¸, «ÈÜåÆÌ ²ÈØ·Û ¢·ùÇ ²ÈØëÆĞ ´ëŠ¦¹Ø." ;;;;;;;;;;;;;x
DWLilith11A;¢³åÆÌ èÁĞ«·Ü¥³, "¥³İªÈÌëÆÌ åŠäŠ«ÈÌ¡³ë‰?";;;;;;;;;;;;;x
DWLilith11B;¢³åÆÌ «³É¨³ùÇ ë‹ñ»ÉëÆĞ ±È²³¨¹ ©È¨¹İëÆĞ ¬ÈçŒ¨¹ ´«·¢³Ì¥³.;;;;;;;;;;;;;x
DWLilith15;¢´ •ÁØæÆĞëÆÌ ¥´¡¸ «·æŠùÂÜ¥³. ¢³çÆĞ éŠçŒåÆÌ ê»Éª³É«ÈØæÆĞò¼ ëÅÉ®¸ùÇ ¡È—ÆØæÆĞ«È ¢³çÆĞ ë‹ñ»É²´Ü¥³. ¢³åÆÌ ì»İì»İ ¬·Ğ¬·İëÆĞ ¨³Ş«È²³¨¹ ñÆØ’·É¬·ŞëÆÌ ª³İ°´çˆ ®ÈØ¥´«¸ª· ´«·¢³Ü¥³. ëˆåÆĞ ©³ØëÆÌ ù¾Ì¬È èˆçŒ¡¸ ¥·ëÁÉ ²¹ÌªÈĞ¬·É«Èäˆ ¥³çŒ¡¸ åŒ¹¬¹Ü¥³. ¢³ùÇ ©³İëÆÌ ù¾Ì¬È ‘³–ÆÛ²´Ü¥³. ¢³åÆÌ ¬¸¥³Ì ùÄ«¸ åŠùÂ«ÈÜåÆÌ ²³Ì «³É¨³çÆĞ ²µİ²´ ¡·Ğ«·¡³Ü¥³. ë‹ñ»É¬·É«ÈÌ è»Ø¬ÈÛëŒçˆ ¢³çÆĞ ©³¦³éˆ«³Ü¥³. äŒ¢¹åÆÌ ¢´¡³ é»Ì «·‘·²³Ì «¹¬³æÆĞò¼æˆ ¥³Ğ¦³Ü¥³. «³çÆØ¥³Ùäˆ ¨´•Œ¦·ëÁÌ ±ÈéŠù¼ «È¨³«¸ ¬³¦È¬³ÙëÆÌ ²³Ì“³İùÇ —ÁĞ, «³âôÄçˆ ª³Ğ¦³İ¡·¦ÈåÆÌ •ˆ¦È. äŒ¢¹åÆÌ ¢´¡¸ ¨Èêˆ ¬ÈëŒ¨¹ «ÈÙêÁĞëÆĞ ²³Õ«³Ü¥³. äŒ¢¹ùÇ ë‹ñ»É«¸ ¡³Éª·İ«È «ÈĞ«·¢³åÆÌæÆÛ ²´Ü¥³. ¢´ ¬·Ş•»É¬È«¸ ï»İìÆİ«È ëˆ¨¹ ¢´ éˆ¬ÈåÆÌ ²´İé»É²³Ì í»É¡³ØëÆĞ ¡È¥´²³¨¹ «´«´É«È ñÆĞ¦·¢´¦¹Ü¥³. ¢³åÆÌ «·‘·ã¡¸æÆÌ ¬·İªÈÌëÆĞ ®³¦Èäˆ ¨³Ğ²³«¹Ü¥³. " ¥³İªÈÌëÆÌ åŠäŠªÈì‰?"  , ª¸ÉªÈ²³Ì ¨ÈêˆçÆĞ ¬ÈÛäˆ «³çÆØ¥³ëÁÌ «¹ª·İ«È «ÈÙêÁĞëÆĞ ¨³Ì¬È¨¹ ¥´¥³Ù²´ìŠ«·Ü¥³. " ¢³åÆÌ ¥³İªÈÌ«È «·¦¹ÜëÆĞ‘´çÆĞ ¡È«·É²³äˆ «ÈÜì‰. ¢³åÆÌ ¥³İªÈÌùÇ «·¨·¢È ¦ÈĞ¦ÈêŒ¦³Ù¢È¥³."  , ¢´ è»Øê»ÉùÇ ±ÈæÆĞ«È äŒ¢¹ùÇ ¨³Ğ«¸ ©³ÌëÆİ²³åÆÌ¡· ¡³á«³Ü¥³. ¢´ ªÈØ¬³İëÆÌ äˆæ»İ®È¨¹ ’³çŒ¡¸ ›Ä«·Ü¥³. ¢´ «·İ¥·İ«ÈåÆÌ é»ÌåÆİ¬·ÉëŒçˆ «³âëŒçˆ ëÁØ†Œ¦¹Üäˆ ¡È—ÆØëÆĞ ®³ŞåÆÌ æÆÛ ªÈÌëÆØêˆ¦ÈçÆĞ ¢´¡¸ô¿«·Ü¥³.  ¢³åÆÌ «³âëŒçˆ ¡·Ğ«·¢³¡³Üäˆ ¦ÈĞ¦ÈêŒåÆÌ ¬¸¥³ÌùÄ«¸ –»É©³çˆ «³Í«³ ±³Ğò¼ ¥³¦ÈçÆĞ ©·Ğ¦¹ ¢³çÆĞ ¨³Ş«È²´Ü¥³. äŒ¢¹ùÇ •ˆ¦Èìˆ®³ ¢³çÆĞ ÿ¼Ì«¹İ²³åÆÌæÆÛ éˆ«¹Üäˆ ¢³åÆÌ ìÆĞ¡·ëÁØëÆĞ ª´İ¡³É²³¨¹ ¢´ è»ØëÆĞ ‘·Ğ«·Ü¥³. " äŒ¦´ ¢³ùÇ «³«È«µ, ¢¸ «·Ø¨³¡³ ¢·çÆĞ ©³Ï«³æÆĞ«¹ìÁĞ¡¸, «ÈÜåÆÌ ²ÈØ·Û ¢·ùÇ ²ÈØëÆĞ ´ëŠ¦¹Ø.";;;;;;;;;;;;;x
DWLilith15A;¢³åÆÌ èÁĞ«·Ü¥³, "¥³İªÈÌëÆÌ åŠäŠ«ÈÌ¡³ë‰?";;;;;;;;;;;;;x
DWLilith15B;I scream myself awake, avoiding the fiends temptations.;;;;;;;;;;;;;x
DWLilith12;A sultry smile crosses the beautiful woman's lips. "You know who I am child. I'm Lilith, your mother." \n  I feel my heart beat quicken as my blood responds to her words. My cock aches to be buried between her perfectly shaped legs. I proceed forward, and Lilith sits upright on the altar, spreading her arms and legs open to greet me. \n  "That's it my child. Come, let your mother embrace you and awaken the power within you.";;;;;;;;;;;;;x
DWLilith12A;¢³åÆÌ ğˆë»İ²³¨¹ «·¨·¢È ¦ÈĞ¦ÈêŒçÆĞ ÿ¼Ì«¹İ²³Ì¥³.;;;;;;;;;;;;;x
DWLilith12B;I scream myself awake, rebuking the fiend.;;;;;;;;;;;;;x
DWLilith16;A sultry smile crosses the beautiful woman's lips. "You know who I am child. I'm Lilith, your mother." \n  I feel my heart beat quicken as my blood responds to her words. I moan as my hips twitch instinctively forward, seeking pleasure. I proceed forward, and Lilith sits upright on the altar, spreading her arms and legs open to greet me. Even her tail seems to beckon me forth and I quiver at the thought of pleasure I may feel. \n  "That's it my child. Come, let your mother embrace you and awaken the power within you.";;;;;;;;;;;;;x
DWLilith16A;¢³åÆÌ ğˆë»İ²³¨¹ «·¨·¢È ¦ÈĞ¦ÈêŒçÆĞ ÿ¼Ì«¹İ²³Ì¥³.;;;;;;;;;;;;;x
DWLilith16B;I scream myself awake, rebuking the fiend.;;;;;;;;;;;;;x
DWLilith101;I feel my arousal grow as I begin muttering the incantation for the spell. I squeeze my cock, enjoying the sensation that ripples out from it. I trace a finger around my balls and then up the underside of my erection, enjoying that feeling as well. I continue to explore and arouse my body with one hand, while chanting and focusing with the other. \n  I rub my pre-cum over the afflicted areas, my balls beginning to tighten in anticipation of release as I keep muttering the words of power. My body grows warm, with the afflicted areas burning slightly, as though having hot candle wax dripped upon me. The points of pain mix in gloriously with the pleasure. I begin working my stroking my cock frantically as I feel the spell coming to a climax that my body matches as I shower the area with my cum, screaming the name of Lilith.;;;;;;;;;;;;;x
DWLilith101A;Praise Lilith for her gift.;;;;;;;;;;;;;x
DWLilith105;I feel my arousal grow as I begin muttering the incantation for the spell. I pinch a nipple, enjoying the sensation that ripples out from it. I run a finger along my labia, enjoying that feeling as well. I continue to explore and arouse my body with one hand, while chanting and focusing with the other. \n  I rub my pussy juices over the afflicted areas, panting as I keep muttering the words of power. My body grows warm, with the afflicted areas burning slightly, as though having hot candle wax dripped upon me. The points of pain mix in gloriously with the pleasure. I begin working my clit frantically as I feel the spell coming to a climax that my body must match. \n  As my focus seems like it may fail, I seize up and release, screaming the name of Lilith as I orgasm. \n  The spell is done and I feel the burning fade.;;;;;;;;;;;;;x
DWLilith105A;Praise Lilith for her gift.;;;;;;;;;;;;;x
DWLilith1005;¢³åÆÌ «·¨·¢È ¦ÈĞ¦ÈêŒ«¸¡¸ ¡³Øª³ù¼ ì»Ì¡¹İëÆĞ ¥³ØëÆĞ ªÈ¡³Ì«È ±ÈĞë‰²³¥³äˆ åŒ¹ÜêÆÙ¢È¥³. íÁÉ²³ ²´İª³çÆĞ ²³¡È ùÄ²´ äÁİ¬·Ìò¼ é»İªÈÌæÆĞ«¸¡¸ †ˆ¥´¬³İëÆĞ éˆ¢´ÜêÆÙ¢È¥³. ²³¬È¨³Ì äŒ ìÁİ «ÈĞéŠåÆÌ íÁĞª·É²³¬È «³Î¡·¢³ ªÈ×«·²³äˆ «ÈÜëÆØëÆĞ åÁÌ®È®´ÜêÆÙ¢È¥³. ®³Øª·É²³¬È «³Îäˆ ä»İèÁĞëÆĞ ©³®È¬È «³ÎåÆÌ äŒ¬³æÆĞëÆÌ ¦ÈĞ¦ÈêŒùÇ ¬ÈÌåˆù¼ ùÄ²·ØëÆĞ ¡³ØêŠ²´«µ²³Ğ¡·Ù¢È¥³.;;;;;;;;;;;;;x
DWLilith1005A;ëŠ¦È¡³ äŒ¢¹çÆĞ ì»ÌìÁİ²³åÆÌ ¡·Û®·¦·Ø ¦ÈĞ¦ÈêŒ¡³ ëŠ¦È«¸¡¸ íÁÉé»ÉëÆĞ ¢´¦ÈĞ¡·Û«È¥³.;;;;;;;;;;;;;x
DWLilith1039;While sitting in my jail cell, I learn that [From.GetFirstName] has decided that I shall be given in sacrifice to Lilith.;;;;;;;;;;;;;x
DWLilith1039A;I am DOOMED!;;;;;;;;;;;;;x
DWLilith1015;A player should never see this message, unless they somehow find themselves in the role of a vassal to a succubus or incubus.;;;;;;;;;;;;;x
DWLilith1015A;Please accept my tribute and excuse my absence.;;;;;;;;;;;;;x
DWLilith1015B;Fuck [From.GetFirstName], I'm not paying!;;;;;;;;;;;;;x
DWLilith1010;A player should never see this message, unless they somehow find themselves in the role of a vassal to a succubus or incubus.;;;;;;;;;;;;;x
DWLilith1010A;W00t! Party time at the boss's place!;;;;;;;;;;;;;x
DWLilith1135;¢´¡³ •ÁØëÆĞ •Š¬³ ¦ÈĞ¦ÈêŒùÇ «¹İ«¹É «³ÌëŒçˆ æÆĞ«·¡³Ì ¢´ ¬³ªÈÌëÆĞ ©³Ğ¡¹Ì²³«¹Ü¥³. «·¨·¢Èù¼ùÇ ë‹¥´¡³Ø ²¹İª·İ«È ¨¹İ©´É²È ¢³°³¢³Ì ¡·Û«È«¹Ü¥³. äŒ •ÁØëÆÌ ²¹ÌªÈĞéˆ¥³ ¥· ²¹ÌªÈĞ¡³á«³Ü¥³. \n äŒ¢¹¡³ ¬¸¥³Ì ùÄ«¸ åŠùÂ«ÈÜåÆÌ¡·ÛëÆĞ ©³¦³éˆ¨¹ äŒ¢¹«¸¡¸ ¥³¡³¡³Ü¥³. "«³ [Root.GetFirstName], ¢³ùÇ «³«È«µ, ¢¸¡³ «ÈçŠ«·¢´Ì «·Ù¬·ÉæÆĞëÆĞ «ÈÌ¬·İ²´ª· ¢·«¸¡¸ ª·ÌèÁĞëÆĞ ìŠäˆªÈâäŠ¢³." \n –»É©³çˆ «³ÍëÆÌ ¦ÈĞ¦ÈêŒåÆÌ éŠæŒ¦·Ù¡¸ ëÁÛëŒ¨¹ äŒ¢¹ùÇ ¡³êÆØëÆĞ ìŠèŠçŒ¡È ªÈ¬³É²´Ü¥³. äŒ¢¹¡³ ²ÈØëÆĞ ¬ÈÙìÁİ²³äˆ «ÈÜ¥³åÆÌ¡·ÛëÆĞ åŒÈĞêŠ «ÈÜ«·Ü¥³. " ¢´ ¬·Ş¡³êÆØëÆÌ ª´İ¨¹İùÇ ¬·Ş«È¦³Ì¥³. ¢´ ¬·ŞëÆĞ ¨·ÉëŒ¨¹Ì «¹İùÂÌ²³Ì ª´İ¨¹İëÆĞ «·ÏëÆĞ êŠ «ÈÜëÆĞ¡·¦³Ì¥³.";;;;;;;;;;;;;x
DWLilith1135A;¢³åÆÌ éÁĞ¨¹ĞùÇ íÁÉé»ÉëÆĞ ©³Ï«³æÆĞ«ÈÌ¥³.;;;;;;;;;;;;;x
DWLilith1135B;¢³åÆÌ ¡·¬·Ğ²³Ì¥³, ²³çŠ²³çŠçÆĞ ²·Ûô¿«È éˆ¢´¬È «³ÎëÆĞ¡·¥³.;;;;;;;;;;;;;x
DWLilith1130;¢´¡³ •ÁØëÆĞ •Š¬³ ¦ÈĞ¦ÈêŒùÇ «¹İ«¹É «³ÌëŒçˆ æÆĞ«·¡³Ì ¢´ ¬³ªÈÌëÆĞ ©³Ğ¡¹Ì²³«¹Ü¥³. «·¨·¢Èù¼ùÇ ë‹¥´¡³Ø ²¹İª·İ«È ¨¹İ©´É²È ¢³°³¢³Ì ¡·Û«È«¹Ü¥³. äŒ •ÁØëÆÌ ²¹ÌªÈĞéˆ¥³ ¥· ²¹ÌªÈĞ¡³á«³Ü¥³. \n äŒ¢¹¡³ ¬¸¥³Ì ùÄ«¸ åŠùÂ«ÈÜåÆÌ¡·ÛëÆĞ ©³¦³éˆ¨¹ äŒ¢¹«¸¡¸ ¥³¡³¡³Ü¥³. "«³ [Root.GetFirstName], ¢³ùÇ «³«È«µ, ¢¸¡³ «ÈçŠ«·¢´Ì «·Ù¬·ÉæÆĞëÆĞ «ÈÌ¬·İ²´ª· ¢·«¸¡¸ ª·ÌèÁĞëÆĞ ìŠäˆªÈâäŠ¢³." \n –»É©³çˆ «³ÍëÆÌ ¦ÈĞ¦ÈêŒåÆÌ éŠæŒ¦·Ù¡¸ ëÁÛëŒ¨¹ äŒ¢¹ùÇ ¡³êÆØëÆĞ ìŠèŠçŒ¡È ªÈ¬³É²´Ü¥³. äŒ¢¹¡³ ²ÈØëÆĞ ¬ÈÙìÁİ²³äˆ «ÈÜ¥³åÆÌ¡·ÛëÆĞ åŒÈĞêŠ «ÈÜ«·Ü¥³. " ¢´ ¬·Ş¡³êÆØëÆÌ ª´İ¨¹İùÇ ¬·Ş«È¦³Ì¥³. ¢´ ¬·ŞëÆĞ ¨·ÉëŒ¨¹Ì «¹İùÂÌ²³Ì ª´İ¨¹İëÆĞ «·ÏëÆĞ êŠ «ÈÜëÆĞ¡·¦³Ì¥³.";;;;;;;;;;;;;x
DWLilith1130A;¢³åÆÌ éÁĞ¨¹ĞùÇ íÁÉé»ÉëÆĞ ©³Ï«³æÆĞ«ÈÌ¥³.;;;;;;;;;;;;;x
DWLilith1130B;¢³åÆÌ ¡·¬·Ğ²³Ì¥³, ²³çŠ²³çŠçÆĞ ²·Ûô¿«È éˆ¢´¬È «³ÎëÆĞ¡·¥³.;;;;;;;;;;;;;x
DWLilith1125;«·¬¸Û©³Ø •ÁØ«¸ª· ¦ÈĞ¦ÈêŒçÆĞ éˆ«³Ü¥³. äŒ¢¹åÆÌ ¢³ùÇ û¿äÆÌ éÆĞ¦·æŒ èÁÌ ùÇªÈÉ«¸ ¥´²´ ¨³Ğ²³«¹Ü¥³. éˆª³İëŒçˆ äŒ¢¹åÆÌ ¢³«¸¡¸ ë‹ñ»ÉùÇ ©È¨ÈĞëÆĞ ¢³åŠ«· ìŠ«·Üäˆ, ¢´¡³ ùÂÌ²³åÆÌ ª³¦³ØæÆĞëÆĞ ¬³Ğ «ÈëÀİ²³ĞêŠ«ÈÜ¡¸²´ìŠ«·Ü¥³. ¨³ÎëÆÌ ª³¦³ØæÆĞ«È ¡³³«È«¸ª· ¬È¢Èäˆ «ÈÜåÆÌ ©È¨ÈĞæÆĞ, ë‹ñ»ÉëÆÌ ¨³ÎëÆÌ æˆëÁØ«È ô¿Ğ¡·Û«È«¹Ü¥³. äŒ¦·Ì¥³ëÆØ äŒ¢¹åÆÌ ¬¸¥³ÌùÇ ù¼İùÄ«¸ ¢³çÆĞ «³Í²¹Üäˆ ¢´ ©´Ûê»ÉùÇ ¡ÈâëÆÌ ä»Û ³¬È ²¹çÆĞ «ÈëÀİ²´ é»İª³²´ìŠ¡È ªÈ¬³É²´Ü¥³. îÆÌ ¬³¬ÈçÆĞ ¡³¬ÈÌ «ÈÌî‹©·êŒù¼ ª·î‹©·êŒ¡³ ëŠ¦È ìŠùÄçÆĞ æÁĞ¦·Üäˆ ¦ÈĞ¦ÈêŒ¡³ ¢´ è»Ø«³Ì«¸ ²¹çÆĞ ¬ÈÙ«·¢·ãäˆ «ÈÜåÆÌ äŒä»Û«¸ ¬·İ«´ÉëÆĞ ª³¬·İ²³¡È ªÈ¬³É²´Ü¥³. ¢´¡³ «·Ø®·İ¢³Ì ëˆçŒ¡³êÆØ«¸ æˆ¥³Ğ²³äˆ ÿ¿é»É²³Ğ‘´™ÆØ ¦ÈĞ¦ÈêŒåÆÌ ¬·İ«´ÉæÆĞçˆ ¢³çÆĞ ¨³ª³¬È ²´ìŠ¡È ªÈ¬³É²´Ü¥³. ¦ÈĞ¦ÈêŒåÆÌ «È ¬·İ«´É ¨³ª³¬È¡³ ¢³çÆĞ ¥·ëÁÉ ¨´¦¹É«ÈÜ¡¸ ©¹Ìÿ¼ªÈ¯ÈĞ¡·Û«È¦³äˆ ²³«¹Ü¥³.;;;;;;;;;;;;;x
DWLilith1125A;äŒ¢¹ùÇ íÁÉé»Éò¼ ²³Ø¸ ¦ÈĞ¦ÈêŒçÆĞ ®³Ì«µİ²³Ì¥³.;;;;;;;;;;;;;x
DWLilith1115;I dreamt of Mother Lilith last night. She spoke of her approval with the recent Blood Moon celebration. \n  As a reward, she and two of my brethren showed her appreciation by training me in the art of seduction. They taught me by educating me in how my body and mind reacts to touch, words, and innuendo. It was tantalizing, yet frustrating as release would only come when I in turn was able to apply what I learned upon them. \n  The dream state seemed to last for days as our bodies constantly intertwined, rubbing, kissing, whispering, teasing... At some point I realized our numbers had grown beyond the four of us, as the room was one large orgy. I was covered in sweat, saliva and love juices before I felt my body tremble. Looking down I saw Mother Lilith take my cock deep into her mouth where I felt her tongue wrap around it. My eyes rolled back as I felt the whatever power held my orgasm in check and I erupted in her throat, her head pumping as she worked to empty me of my fluids. \n  As I lay there gasping, she catches a little cum that was on the edge of her lip with a finger. She smiles as sucks her finger clean. \n  "Very good [Root.GetFirstName]. You are ready to play our game upon the mortal world." \n  As I spoke my thanks, my eyes opened and I was in my bed, drenched with sweat.;;;;;;;;;;;;;x
DWLilith1115A;äŒ¢¹ùÇ íÁÉé»Éò¼ ²³Ø¸ ¦ÈĞ¦ÈêŒçÆĞ ®³Ì«µİ²³Ì¥³.;;;;;;;;;;;;;x
DWLilith1124;¢³åÆÌ ¦ÈĞ¦ÈêŒçÆĞ ¥³ªÈ ²³Ì©·Ì •ÁØšÂÜ¥³. äŒ¢¹åÆÌ éÆĞ¦·æŒ èÁÌ ùÇªÈÉ«¸ ¥´²´ íÁÉ²³²´ìŠ«·Ü¥³. éˆª³İëŒçˆ äŒ¢¹åÆÌ ¢´ ²´İæ»İëÆĞ ¥· ¬³ĞêÁØ¡ÈåÆÌ ©³İ©·Ùò¼ ï»İ®³Ğ¦¹É«¸ ¥´²´ «³Ğ¦¹ìŠ«·Ü¥³. «ÈÌç‹«¸¡¸ ¢·èŠ ’³Ğ¦È ¨³ÎëÆÌ ¡·ÛëÆĞ æŒ¦·¢´¨¹Ì «³Ìô¿Ì¥³åÆÌ¡·Û«È«¹Ü¥³. äŒ ¥³ëÆØ«¸ äŒ¢¹åÆÌ ¢³çÆĞ ¬¸¥³Ì ùÄ«¸ ë»Ğ¦¹å»ãäˆ ¢³ùÇ ëÀÉäŠçÆĞ ®´ùÂìŠ¡È ªÈ¬³É²´Ü¥³. ¦ÈĞ¦ÈêŒåÆÌ ù¼Ì¬·Ì²È ¢³çÆĞ ñÆİéÁÌªÈ¯ÈäˆåÆÌ ¨¹ß¡³¬È «¸¢·¬ÈçÆĞ ÿ¼ĞëÀİ²³åÆÌ ©³İ©·Ù«¸ ¥´²´ ª·Ğ¨¹İ²´ìŠ«·Ü¥³. äŒ¢¹åÆÌ «¸¢·¬ÈçÆĞ «ÈëÀİ²´ª· «ÈÌ¡³ÌùÇ ª´İ¨¹İëÆĞ ñÆÙêŠ²´ ¬³ªÈÌëÆĞ ¡³İ²³¡¸ ¨³ÌæÆĞêŠ «ÈÜåÆÌ ©³İ©·ÙëÆĞ «³Ğ¦¹ìŠ«·Ü¥³. äŒ ‡Š äŒ¢¹åÆÌ ¢³çÆĞ å»ã«³ìŠ«·Ü¥³.;;;;;;;;;;;;;x
DWLilith1124A;äŒ¢¹ùÇ íÁÉé»Éò¼ ²³Ø¸ ¦ÈĞ¦ÈêŒçÆĞ ®³Ì«µİ²³Ì¥³.;;;;;;;;;;;;;x
DWLilith1114;I dreamt once more of Lilith. She shared her approval of the Blood Moon celebration. \n  As a reward, she shared insight into how to survive and better hide my actions, for revealing too much too soon to mankind could turn insurmountable forces against me. \n  She then had me lay upon her altar, and with great care, applied built my desires to their peak. Fully aroused, on the edge of orgasm, Lilith explained how to harness the energy that would be released in such a state. She explained how harnessing that energy could both strengthen me as well as feed Lilith. \n  The instruction over, Lilith releases me from the peak, giving me an orgasm so strong that my body convulses as if it were an epileptic fit.;;;;;;;;;;;;;x
DWLilith1114A;Praise Lilith for her blessings.;;;;;;;;;;;;;x
DWLilith1123;¢³åÆÌ •ÁØê»É«¸ª· ¥³ªÈ ²³Ì©·Ì ¦ÈĞ¦ÈêŒçÆĞ éˆ«³Ü¥³. ¦ÈĞ¦ÈêŒåÆÌ û¿äÆÌ éÆĞ¦·æŒ èÁÌ ùÇªÈÉ«¸ ¥´²´ ¨³Ğ²³«¹Ü¥³. éˆª³İëŒçˆ äŒ¢¹åÆÌ äŒ¢¹ùÇ ù¿èˆçˆ ©¹Ì²³Ğ êŠ «ÈÜæˆç»É ²³åÆÌ åÆİ¦¹ÉëÆĞ ìŠ¡Èçˆ ²³«¹Ü¥³. äŒ¦·äˆåÆÌ ¢´ è»ØëÆĞ ˜Œ¥³æÆØ«·Ü¥³. ¢³åÆÌ «È¬¸ ¢³Ğ¡´ù¼ —ÁĞ äŒ¦Èäˆ ¥³«µİ²³Ì ±ÈéŠçÆĞ ¡³¬ÈĞ êŠ «ÈÜåÆÌ ìÆĞ¡·ëÁØëÆĞ ê»Ì«¸ ¢·ã«·Ü¥³.;;;;;;;;;;;;;x
DWLilith1123A;äŒ¢¹ùÇ íÁÉé»Éò¼ ²³Ø¸ ¦ÈĞ¦ÈêŒçÆĞ ®³Ì«µİ²³Ì¥³.;;;;;;;;;;;;;x
DWLilith1113;I visited Lilith once again in my dreams. Lilith shared her approval of the recent Blood Moon celebration. \n  As a reward, she said that it was time to show me how to unleash the capability within to take on her image. \n  For what seemed like hours, she rubbed my body, and shared how to focus and change. Claws, wings, a tail, horns, changes to my skin tone and more. Forms fitting for self defense, for seduction, and for pleasure were opened up to me.;;;;;;;;;;;;;x
DWLilith1113A;äŒ¢¹ùÇ íÁÉé»Éò¼ ²³Ø¸ ¦ÈĞ¦ÈêŒçÆĞ ®³Ì«µİ²³Ì¥³.;;;;;;;;;;;;;x
DWLilith1122.0;¢´¡³ •ÁØëÆĞ •Šäˆ «ÈÜëÆĞ‘´ ¢´ «³â«¸ «·¨·¢È ¦ÈĞ¦ÈêŒùÇ èˆêÆÙ«È éˆ«¹Ü¥³. ¢³åÆÌ äŒ¢¹ùÇ ¨¹«ºçÆĞ ¡È¦ÈåÆÌ ùÇªÈÉ«¸ ¥´²´ æÆÏ¡ÈçÆĞ ¡È¥³¦Èäˆ «ÈÜ«·Ü¥³. äŒ¢¹åÆÌ ¢³çÆĞ «³ÌëŒ¨¹ äŒ¢¹ùÇ è»Ø«³Ì«¸ «ÈÜ¥·Ì «¸¢·¬ÈæÆĞëÆĞ ¬·Ì¥³Ğ ©³Ï¡È ªÈ¬³É²´Ü¥³. «·æÁØùÇ äŒ¦ÈØ¬³æÆĞ«È ¢´ ±³Ğò¼ ¥³¦ÈçÆĞ ëÁØ¯¹ ¬³Ù«³Üäˆ «·¨·¢È ¦ÈĞ¦ÈêŒåÆÌ ê»Éª³É«¹Ü¥³. äŒ äŒ¦ÈØ¬³æÆĞëÆĞ ¥³ªÈ ²³Ì©·Ì åŒ¹ÛëÆĞ‘´ äŒ¡·ÛëÆÌ äŒ¦ÈØ¬³¡³ «³¢È¦³ ¢³©¹İ«¸ ¡·Ğ¦ÈÌ “·ÉëÆÌ ªÈ®¸ ¡³áëÆÌ ¡·ÛæÆĞ«È«¹Ü¥³. äŒ¡·ÛæÆĞ«È ¢´ ¬³äÁİ ¡ÈâêÁÉ²È æÆĞ«·ëˆ¨¹Ìª· ¢³åÆÌ «·¨·¢È ¦ÈĞ¦ÈêŒ«¸¡¸ «È¡·ÛæÆĞëÆÌ ªÈ×¥³äˆ «È«µ¡È ²³«¹Ü¥³. äŒ¦·¢³ äŒ¡·ÛæÆĞëÆÌ ¢´ «ÈÙ«³Ì«¸ æÆĞ«·ëˆäˆ ¢´ «ÈÙëÆĞ ¨³É«³©·¦¹Ü¥³.  «È «¹É¡¹ëÁÌ ¡·ÛæÆĞëÆÌ ¢´ è»ÉäŠ¨·İ ¡ÈâêÁÉ²È ³¬È ±³äˆ æÆĞ«·Ü¥³. ¢³åÆÌ åÁÌèÁĞëÆĞ ñÆĞ¦¹Üäˆ «·¨·¢È ¦ÈĞ¦ÈêŒåÆÌ ¡¸ê»É²´ª· "¥³İªÈÌ«¸¡¸ éŠ±´çÆĞ" «È¦³åÆÌ ¨³ĞëÆĞ ©³Ìé»É²³«¹Ü¥³. ëˆåÆĞ ©³Ø •ÁØ«¸ª· ¢³åÆÌ ìÁÉåÆÌ¡·Ì¡³ äÁİäÆØ²³¡È ªÈ¬³É²´Ü¥³.;;;;;;;;;;;;;x
DWLilith1122A;ñ»ÉªÈ ¬¸¡³ «·¨·¢È ¦ÈĞ¦ÈêŒçÆĞ éÁĞü¾²³¡¸ ²³Ì¡·Ì¡³ë‰?;;;;;;;;;;;;;x
DWLilith1122.¢´ ùÇªÈÉ«È ÿÇ¨È²´¬Èäˆ «ÈÜëÆĞ èŠ¦¹Ù, ¢´ ²·©·É¬È ª³«Èçˆ ©´Ø®·¦·Ø ëÁØ¬ÈÉ«È¨¹ ¢´ éˆ¬È ¡ÈâêÁÉ²È ©³É²ÈåÆÌ¡·Û«È åŒ¹¬¹Ü¥³. äŒ¡·ÛæÆĞëÆÌ ¢·èŠ¢³ øÄÙ¡¸ ¢´ è»Ø äŠª·ÉäŠª·ÉëÆĞ ëÁØ¬ÈÉ«¹Ü¥³. äŒ¦·¨¹Ìª· ¢³åÆÌ èŠ«·Ì¡³ ¡È—ÆØëÆĞ åŒ¹Ü¥³. êÁØëÆĞ ¬¸¥´çˆ øÄĞêŠæˆ «·Ú«·Üäˆ ®ÈØëÆĞ ¡¸ê»É²´ª· ñÆĞ¦¹Ü¥³. ¢³åÆÌ äŒ¡·ÛæÆĞëÆĞ «·‘·ã¡¸ ²³Ğ ©³İ©·Ù«È «·Ú«·Ü¥³. ¢´ ±È¡³ èŠ«·Ì¡³ •Æ×«·ëˆçŒåÆÌ ¡·Û«È åŒ¹¬¹Üäˆ ¢³åÆÌ ¬·Ğ¬·İëÆĞ ¨³Ş«È²´Ü¥³. èˆæÆÌ ¡·ÛæÆĞ«È ¢´ ¡³Ø¡³É «Èª³İëÆĞ ²µİ²´Ü¥³. ¢´¡³ êÁØëÆĞ øÄäˆ ²·Ğ‘·É«È¨¹Ì éŠ±´²³Ì ²µİ¡ÈæÆĞ«È ¢´ ±ºçÆĞ ¡³æÆÉ®´ùÂÜ¥³. ¢³åÆÌ ²·Ğ‘·É¡·¦Èäˆ ¡È®ÈØ²³äˆçÆĞ ©³Ìé»É²´Ü¥³. "«ºª³İ¥´çˆ ¢´ «³«ÈåÆÌ ¬³Ğ ²´¢´«·Üäˆ ¨³ÎëÆÌ ª³¦³ØæÆĞëÆĞ éŠ±´²³¡¸ ¨³ÌæÆĞ ²ÈØëÆĞ «·Ï«·Ü¢´ë‰" ¦ÈĞ¦ÈêŒåÆÌ éŠ±´ùÇ ²ÈØ«¸ ¥´²´ ¢³«¸¡¸ ª·Ğ¨¹İ²´Ü¥³. ¢³åÆÌ êŒêŒçˆ ®Èë‹æˆ ²³Ğ êŠ «ÈÜëÆĞ—ÁÌ¥·¦· ¥³çÆÌ ª³¦³ØæÆĞëÆĞ ¬ÈĞ©¹İ«¸ ¡·Ğ¦È¡¸ ²³Ğ êŠ«ÈÜ¡¸ô¿«·Ü¥³.;;;;;;;;;;;;;x
DWLilith1122B;äŒ¢¹ùÇ íÁÉé»Éò¼ ²³Ø¸ ¦ÈĞ¦ÈêŒçÆĞ ®³Ì«µİ²³Ì¥³.;;;;;;;;;;;;;x
DWLilith1112;I expected to arrive in Lilith's court, yet as I dreamt, I found myself standing in a room filled with mirrors and shadows. I tensed involuntarily when a hand touches my shoulder. \n  Turning, I see Lilith smiling at me. "Few of my sons come this far [Root.GetFirstName]. I'm warmed to see that you are one who has." \n  Lilith goes onto to explain and educate me in the powers of illusion. On how I can mislead and fool others. Trick them into new friends or enemies. She explains and then shows me how strong illusions can seem so real, that their target's body may actually suffer physical harm that it's mind inflicts upon itself. Such as a lance through the chest, not piercing or creating a whole, yet the mind causing the heart to haemorrhage as though the wound were real.;;;;;;;;;;;;;x
DWLilith1112A;äŒ¢¹ùÇ íÁÉé»Éò¼ ²³Ø¸ ¦ÈĞ¦ÈêŒçÆĞ ®³Ì«µİ²³Ì¥³.;;;;;;;;;;;;;x
DWLilith1121;¢³åÆÌ «·¨·¢È ¦ÈĞ¦ÈêŒçÆĞ •ÁØšÂÜ¥³. äŒ¢¹åÆÌ ¢´¡¸ ¨ÈêˆçÆĞ ¬ÈëŒ¨¹ ¬¸¥³Ìò¼ ¡³áëÆÌ ù¼İùÄ«¸ «³Í«³«ÈÜ«·Ü¥³. " ¢³ùÇ ‘³Ğ, ¥³İªÈÌëÆÌ ù¼Ì¬·Ì²È ¬ÈÌÿ¼ô¿«·ÜêÆÙ¢È¥³. ¥³İªÈÌëÆÌ ¬ÈÌªÈĞ²³Ì «³É¨³«È¨¹, ¥³çÆÌ ª³¦³ØæÆĞëÆÌ «·”È ²³Ğ êŠ «·ÚåÆÌ ²ÈØëÆĞ ë‰äŠ ²³ĞêŠ «ÈÜ«·ë‰. ëŠ¦ÈùÇ ë‹¥´¡³ØëÆÌ ¡³İ²´¬¹Üäˆ ¥³İªÈÌëÆÌ ¢´ ²ÈØëÆĞ ¬ÈÉ¬·Ù¬·ÉëŒçˆ ª³ëÀİ²³ĞêŠ «ÈÜ«·ë‰. ¬·åÆÌ ¥³İªÈÌëÆĞ ®Èİ®³Ì²³äˆ «¹¡È³¬È ë»Ì ¡·Û«¸ –ˆ ²³Ì©·Ì íÁÉ²³²³Ù¢È¥³. ¥³İªÈÌ«È ¥· ¡³İ²³¡¸ ª·İ¬³İ ²³Ğ êŠ «ÈÜæˆç»É ª´çˆëÁÌ ¡ÈĞò¼ æˆ¬·ÌëÆĞ ²³Ğ êŠ «ÈÜæˆç»É ²´ìÁĞ¡¸ë‰. ¢³ùÇ ‘³Ğ ¥³İªÈÌëÆÌ «È¬¸ éÁĞ¨¹ĞëÆĞ ª´İ¡³É²´é»Ğ‘´«ÈÙ¢È¥³.;;;;;;;;;;;;;x
DWLilith1121A;äŒ¢¹ùÇ íÁÉé»Éò¼ ²³Ø¸ ¦ÈĞ¦ÈêŒçÆĞ ®³Ì«µİ²³Ì¥³.;;;;;;;;;;;;;x
DWLilith1111;I dreamt of Mother Lilith. She was sitting atop her altar-like throne, with an approving smile for me. "My son. Your evolution is complete. You are a true Nightmare and you can call upon powers that few others can. You will find that you've now the ability to enter the dreams of others, to manipulate them in that world, effecting them in various ways. Not unlike how I've been able to shape you through yours, to a lesser degree you may shape others in theirs. \n  Also, contemplate immortality if you will my daughter. I shall call to you again in a few days time, and offer the gift to you.;;;;;;;;;;;;;x
DWLilith1111A;äŒ¢¹ùÇ íÁÉé»Éò¼ ²³Ø¸ ¦ÈĞ¦ÈêŒçÆĞ ®³Ì«µİ²³Ì¥³.;;;;;;;;;;;;;x
DWLilith1120;¢³åÆÌ •ÁØê»É«¸ª· «·¨·¢È ¦ÈĞ¦ÈêŒùÇ éŠçÆØëÆĞ ©³Ï«³Ü¥³. äŒ¢¹åÆÌ ¢³«¸¡¸ ¥· «Èª³İ ¡³çŒ®ÈĞ¡·Û«È «·Ú¥³äˆ ²³«¹Ü¥³. ¢³åÆÌ «È¬¸ äŒ¢¹ùÇ •ÁØê»É«¸ æÆĞ«·ë»ĞêŠ «·ÚëÆĞ¡·Û«È¦³äˆ ²³«¹Ü¥³. ¢´ ¬ÈÌÿ¼åÆÌ ù¼Ìç‰ô¿«·Üäˆ äŒ¢¹¡³ «·‘·ã¡¸ ¥³çÆÌ «È«¸¡¸ éÁĞ¨¹ĞùÇ ª·ÌèÁĞëÆĞ ìÁĞ êŠ «ÈÜåÆÌ¬È «³Ğ¦¹ìŠ«·Ü¥³.;;;;;;;;;;;;;x
DWLilith1120A;äŒ¢¹ùÇ íÁÉé»Éò¼ ²³Ø¸ ¦ÈĞ¦ÈêŒçÆĞ ®³Ì«µİ²³Ì¥³.;;;;;;;;;;;;;x
DWLilith1110;¢³åÆÌ •ÁØê»É«¸ª· «·¨·¢È ¦ÈĞ¦ÈêŒùÇ éŠçÆØëÆĞ ©³Ï«³Ü¥³. äŒ¢¹åÆÌ ¢³«¸¡¸ ¥· «Èª³İ ¡³çŒ®ÈĞ¡·Û«È «·Ú¥³äˆ ²³«¹Ü¥³. ¢³åÆÌ «È¬¸ äŒ¢¹ùÇ •ÁØê»É«¸ æÆĞ«·ë»ĞêŠ «·ÚëÆĞ¡·Û«È¦³äˆ ²³«¹Ü¥³. ¢´ ¬ÈÌÿ¼åÆÌ ù¼Ìç‰ô¿«·Üäˆ äŒ¢¹¡³ «·‘·ã¡¸ ¥³çÆÌ «È«¸¡¸ éÁĞ¨¹ĞùÇ ª·ÌèÁĞëÆĞ ìÁĞ êŠ «ÈÜåÆÌ¬È «³Ğ¦¹ìŠ«·Ü¥³.;;;;;;;;;;;;;x
DWLilith1110A;äŒ¢¹ùÇ íÁÉé»Éò¼ ²³Ø¸ ¦ÈĞ¦ÈêŒçÆĞ ®³Ì«µİ²³Ì¥³.;;;;;;;;;;;;;x
DWLilith1091;¢³åÆÌ ¨³¬È¨³É ®³Øª·É¬³æÆĞ«¸¡¸ ¬³É©¹Ğ «ÈÌª³çÆĞ ¢³åŠ«·Ü¥³. äŒ¡·ÛëÆÌ ì»ãëÆÌ íÁÉ¬¸«¹Ü¥³. ¨¹ß¡³¬È †Š«·É«È ª´İ¡¹Üäˆ ì»ã«³Ü¥³. ¢³åÆÌ äŒ¦·Ì †Š«·ÉæÆĞ ê»É«¸ ¨¹ß¡³¬È «ÈĞ«·¢³Ü¥·Ì ª³¡·ÌæÆĞ«¸ª· ¦ÈĞ¦ÈêŒùÇ ì»Ì¬´çÆĞ åŒ¹Ü¥³. ¨³®È äŒ¢¹¡³ ¢´ «·´¢·¨·çˆ äŒ¡·ÛæÆĞëÆĞ ©³¦³éˆäˆ «ÈÜ«·Ü¥·Ì¡·Û ¡³á«³Ü¥³.;;;;;;;;;;;;;x
DWLilith1091A;¦ÈĞ¦ÈêŒùÇ ùÇªÈÉëŒçˆ äŒ¢¹ùÇ éŠçÆØ«¸ ëÆİ²´Ü¥³.;;;;;;;;;;;;;x
DWLilith1055;±È¡³ èˆ«¹Üäˆ è»ÉëÀÉ ìÁÌ©ÈçÆĞ ²³Ù¢È¥³. ¢³åÆÌ äŒ¡·Û«È ¢´¡¸ éŠ«·¬ÈåÆÌ ¡·ÛëÆĞ åŒÈ¨¹ äŒ¡·ÛùÇ é»Ì¬ÈĞëÆĞ åŒÈĞêŠ «ÈÜ«·ÜêÆÙ¢È¥³. äŒ¡·ÛëÆÌ ¢³çÆĞ ‘³–ÆÛ²³¡¸ ¥·â«·ÜêÆÙ¢È¥³. ¢³åÆÌ ôÄçˆ ¡È¥´«· ê»Ì¡³¦³ÉëÆĞ «ÈëÀİ²´ ¬¸èÁĞùÇ ±ÈçÆĞ ¬·ÉªÈäˆ ¡³êÆØëÆĞ ¨³Ì¬È¨¹ ‘³É‘³É²³Ì ¬·Ş•»É¬ÈçÆĞ •ˆ¬ÈÙ«·ÜêÆÙ¢È¥³. ‘³–ÆÛ²³Ì ±ÈùÇ ²µİ¡È¡³ ¢³«¸¡¸ ª´İ¨¹İùÇ «¸¢·¬ÈçÆĞ ìŠ¨¹ ëˆçŒ¡³êÆØëÆĞ åŒÈ¡¸ ²³«¹ÜêÆÙ¢È¥³. ¨³®È êŠªÈÙ¡³¬ÈùÇ ¯ÈêŒçÆĞ ²³åÆÌæÆÛ ²³«¹Üäˆ ¢´ ®¸«´Éò¼ ±ÈæÆĞ«È ²³Ì¥¸ ª·Ê«È¨¹ åÁÌëÆĞ ¡³Ø«³ÜêÆÙ¢È¥³. ±È¡³ ªÈ¡³Ì«È ¬È¢³¨¹ ®³¡³ùÂ¬È¨¹Ìª· ¥³ëÆØ íÁÉ¬¸¥³Ì¡ºçÆĞ ¬ÈÌ²´İ²³¡Èçˆ ²³«¹ÜêÆÙ¢È¥³.;;;;;;;;;;;;;x
DWLilith1055A;¦ÈĞ¦ÈêŒåÆÌ «È ª´İ¨¹İùÇ ±ÈçÆĞ ï»İ²´ ²ÈØëÆĞ «·Ï«·Ü«·.;;;;;;;;;;;;;x
DWLilith1051;±È¡³ èˆ«¹Üäˆ è»ÉëÀÉ ìÁÌ©ÈçÆĞ ²³Ù¢È¥³. ¢³åÆÌ äŒ¡·Û«È ¢´¡¸ éŠ«·¬ÈåÆÌ ¡·ÛëÆĞ åŒÈ¨¹ äŒ¡·ÛùÇ é»Ì¬ÈĞëÆĞ åŒÈĞêŠ «ÈÜ«·ÜêÆÙ¢È¥³. äŒ¡·ÛëÆÌ ¢³çÆĞ ‘³–ÆÛ²³¡¸ ¥·â«·ÜêÆÙ¢È¥³. ¢³åÆÌ ôÄçˆ ¡È¥´«· ê»Ì¡³¦³ÉëÆĞ «ÈëÀİ²´ ¬¸èÁĞùÇ ±ÈçÆĞ ¬·ÉªÈäˆ ¬³¬ÈçÆĞ¨³Ì¬¹¥´Ü¥³. ‘³–ÆÛ²³Ì ±ÈùÇ ²µİ¡È¡³ ¢³«¸¡¸ ª´İ¨¹İùÇ «¸¢·¬ÈçÆĞ ìŠ¨¹ ª³¬·İ¡³ØëÆĞ åŒÈ¡¸ ²³«¹Ü¥³. ¨³®È êŠªÈÙ¨¹İ«È ¢³çÆĞ ¨³ª³¬È ²³åÆÌæÆÛ ²³«¹Üäˆ ¢³åÆÌ ¦ÈĞ¦ÈêŒçÆĞ ù¿®È¨¹ ª³¬·İ²³«¹Ü¥³. ¢´ ¬·İ«´É«È ùÄçˆ —ÁØ«·¬¹ ¢³ù¼ ¥³ªÈ ±ÈùÇ ëÁİ¥·İ«È«¸ ‘·Ğ«·¬ÈåÆÌ¡·Û ¬È¯¹éˆ«³Ü¥³. ±ÈåÆÌ ªÈ¡³Ì«È ¬È¢³¨¹ ®³¡³ùÂ¬¹Üäˆ ¥³ëÆØ íÁÉ¬¸¥³Ì¡ºçÆĞ ¬ÈÌ²´İ²³¡Èçˆ ²³«¹Ü¥³.;;;;;;;;;;;;;x
DWLilith1051A;¦ÈĞ¦ÈêŒåÆÌ «È ª´İ¨¹İùÇ ±ÈçÆĞ ï»İ²´ ²ÈØëÆĞ «·Ï«·Ü«·.;;;;;;;;;;;;;x
DWLilith1049;¢³åÆÌ å»İéŠæÆĞëÆĞ ¬³Ù«³¥³¡³ ±ÈçÆĞ ñÆĞ¦È¡¸ ²´Ü¥³. ¢³åÆÌ äŒæÆĞëÆĞ éˆäˆ ìˆäÆØ éŠ•Œ¦·ëÁØëÆĞ åŒ¹Û¥³. å»İ¨ÈÌæÆĞ ìÁİ «ÈĞéŠ¡³ ¢³çÆĞ éˆ¨¹ “ÈÉ“ÈÉ ¡·¦¹Ü¥³. äŒ¦´ª· ¢³åÆÌ ²³ÌêÁØò¼ ²³Ø¸ äŒæÆĞ«¸¡¸ ¥³¡³¡³Ü¥³. ¢³åÆÌ ê»Éª³É«¹Ü¥³. «·¨·¢È ¦ÈĞ¦ÈêŒùÇ «µİéÁÌ«È ô¿Ğ¡·Û«È¨¹ ²ÈØ«È ô¿Ğ¡·¦³äˆ¨³Ğ«È¥³. ¢³åÆÌ äŒæÆĞ«¸¡¸ ²³¢³²³¢³ «ÈÙëÆĞ ¨³Ş†Šäˆ äŒæÆĞùÇ ¨³¬È¨³É ‡ˆñÆÙëÆĞ ¬È¯¹éˆ¨¹ äŒæÆĞùÇ ‡ˆñÆÙ«È ÿÇ¨È²´¬ÈåÆÌ¡·ÛëÆĞ åŒ¹Û¥³. ¬¸ª³¬³İæÆĞò¼ ª³¦³ØæÆĞëÆÌ ¥· «Èª³İ ñ»Ì¦³ÌêŒ¦·Ù¬È «³ÎëÆÌ æÆÛ éˆ«¹Üäˆ ¢³åÆÌ ¢´ ¬³¦Èçˆ æ»Ğ«³¡³ ğˆæˆìŠçÆĞ ¨³ªÈ¨¹ ±ÈùÇ ùÇªÈÉëÆĞ ìÆĞ¡¹Ü¥³.;;;;;;;;;;;;;x
DWLilith1049A;¢´ «ÈÌª´İùÇ ùÇ¨È ±ÈùÇ è»ÉëÀÉ«È ¡³³«È ¥³¡³ë»Ì¥³.;;;;;;;;;;;;;x
DWLilith1041;[From.GetBestName] çÆĞ ¡³Øë»É«¸ª· ¥¸¦Èäˆ ù¼ÜêÆÙ¢È¥³. äŒæÆĞùÇ åÁÌëÆÌ ø¿«µÉ²´¬¹«ÈÜ«·Üäˆ äŒæÆĞëÆÌ ëÁÌ¨¹İëÆĞ ±È²³¡È ùÄ²´ ìˆäÆØùÇ ÿÇ¨³İëÆĞ ®³ŞåÆÌ æÆÛ«È åÁÌëÆĞ ©Èß¢´ÜêÆÙ¢È¥³. ¡¹İ©È©¹İæÆĞëÆÌ è»ØëÆĞ ëÁØ¬ÈÉ«¹Üäˆ äŒæÆĞëÆĞ éÁá¬³Ù«³ÜêÆÙ¢È¥³.  [From.GetFirstName] ëÆÌ ¨È®ÈÌæÆÛ«È «´ùÂÌ²³¡È ªÈ¬³É²´ÜêÆÙ¢È¥³. ¬·İ¨³Ğçˆ ¡³¦¹Ì²³äˆ éÁĞ“³İ²´ éˆ«¹Üäˆ ìŠùÄùÇ ²³®³ÎëÆÌ ¡·¬ÈæÆĞ ìˆ®³ ©ÈëÁÛ«·ÜêÆÙ¢È¥³. ¢³åÆÌ ª·ª· ê»ÌëÆĞ æÆĞ«·ë»Ğ¦¹Üäˆ ìŠùÄùÇ èˆæÆÌ ª³¦³ØæÆĞëÆÌ ¢´¡³ ²³åÆÌ ¨³ĞëÆĞ ìŠùÇ ¡Èâ¡¸ æÆĞ«·ÜêÆÙ¢È¥³. " ¢³åÆÌ ¢·ùÇ «´ùÂÌëÆĞ æÆĞ«·Ü¥³. äŒ¦Èäˆ ªÈÌìÁİ²³Ì äˆ¨ÈÌ•Æá«¸ ¢³åÆÌ ¡¹Ğ¬·İ²´Ü¬È";;;;;;;;;;;;;x
DWLilith1041A;ëŠ¦ÈåÆÌ  [dw_sacrifice.GetFirstName]çÆĞ ¬¸èÁĞçˆ ©³®ÈĞ¡·Ù¢È¥³.;;;;;;;;;;;;;x
DWLilith1041B;¢³åÆÌ «È©·Ì«¸ [dw_sacrifice.GetFirstName] ¡³ ì»Ø ¥· ª³Ğ¡¸ ¢´ÙæÁĞ¡·Û«È¥³..;;;;;;;;;;;;;x
DWLilith1030;éÆĞ¦·æŒ èÁÌ íÁÉ¬¸ùÇ ªÈ¬³ÉëÆÌ ±ÈùÇ ¬¸èÁĞëÆĞ ©³®¹«µ ²³Ù¢È¥³. ÿÇª´İèÁĞ«¸¡¸ª· ±È¡³ ‡ŒçŒäˆ ¢´¬³İ«È ıÄ«·¢³ù¼«µ ô¿Ù¢È¥³. äŒ¦·äˆ¢³ª· äŒæÆĞùÇ ª´İ¨¹İùÇ ±Èçˆ è»ÉëÀÉëÆĞ ²³Ğ ¡·Û«ÈÙ¢È¥³. äŒ¦·ã¡¸ ²³ØëŒçˆ“· ¢³åÆÌ «·¨·¢È ¦ÈĞ¦ÈêŒ«¸¡¸ª· ²ÈØëÆĞ «·ÏëÆĞ êŠ «ÈÜêÆÙ¢È¥³. åˆ«ºçˆ ñÁÌ¦¹Ì©³Ï¬È «³Îäˆ «ÈÜåÆÌ ğˆçˆ¡³ «ÈÜ¥³¨¹Ì äŒæÆĞëÆĞ ¬¸èÁĞçˆ ª³ØëÆĞ êŠ «ÈÜëÆĞ¡·Û«ÈÙ¢È¥³. –ˆåÆÌ ¬È«¹Éå»İ¨ÈÌæÆĞëÆĞ ¥¸¦Èäˆù¼ª· ¬¸èÁĞçˆ ©³®¹æˆ ô¿Ù¢È¥³. ;;;;;;;;;;;;;x
DWLilith1030A;¢´ «³â«¸[dw_sacrifice.GetBestName] çÆĞ ¥¸¦Èäˆ ù¼ ;;;;;;;;;;;;;x
DWLilith1030B;ëŠ¦ÈåÆÌ å»İ¨ÈÌ «ÈĞéŠçÆĞ ¬¸èÁĞçˆ ©³®¹«µ¡¸Ü«·.;;;;;;;;;;;;;x
DWLilith1020;[From.GetBestName] has declined to attend, yet has provided suitable tribute to atone for their absence. It's a shame that they're not attending, yet the celebration shall continue on without them.;;;;;;;;;;;;;x
DWLilith1020A;[From.GetFirstName]'s tribute is acceptable.;;;;;;;;;;;;;x
DWLilith1025;[From.GetBestName] ëÆÌ ®³Øª·É²³¬È «³Î¡¸Ü¥³åÆÌ êˆªÈÉëÆĞ éˆ¢´Ü¥³. «È¡·ÛëÆÌ ¢³çÆĞ èˆëÀÉ²³åÆÌ ¡·«¹Ü¥³. ®³Øª·É²³Ì «ÈæÆĞ èˆæŠ¡³ «³Ğ¡¸ ô¿Ğ¡·Û«Èäˆ ¡´¡´«ÈÌ«È éÁĞ¨³ÌëÆĞ ğ‰²¹Ì²³Ğ¡·Û«È¥³. \n ¢³åÆÌ «È ²´İæ»İëÆĞ «ÈŞ¬È «³ÎëÆĞ ¡·Û«È¨¹, «·¨·¢È ¦ÈĞ¦ÈêŒ –ˆ²³Ì äŒ¦·ã¡¸ ª´İ¡³É²³Ğ¡·Û«È¥³.;;;;;;;;;;;;;x
DWLilith1025A;[From.GetFirstName] ¡³ ‡Šÿ¿²³¡¸ ¨³ÌæÆĞ¡·«µ.;;;;;;;;;;;;;x
DWLilith1071;As the feast progresses the ale and wine begin to flow more freely. I'm enjoying the indulgence during the celebration and notice that the party appears to be filled with light weights who one after another begin to fade out. Soon, it's late at night and only [dw_drinking_buddy.GetBestName] remains with me. \n  "One final contest, shall we? Drink for drink until one finally falters!" With a nod [dw_drinking_buddy.GetFirstName] agrees and I call for more ale. \n  The following hours are filled with wild lies in the form of stories, horrendous singing, and more than one broken piece of furniture until I realize I'm starting up at the ceiling. Just as I wonder if I've lost, I hear a loud snore from under the bench next to me and see my drinking buddy passed out cold. With a drunken roar, I claim victory.;;;;;;;;;;;;;x
DWLilith1071A;I'll raise a mug of ale with [dw_drinking_buddy.GetFirstName] any time.;;;;;;;;;;;;;x
DWLilith1073;©³Ø«È ¡Èâ«·¡³Ü¥³. ¢³åÆÌ [dw_drunkard.GetFirstName] ù¼ [dw_drinking_buddy.GetFirstName] ¡³ êÁĞëÆĞ ¡³á«È ¨³ªÈäˆ «ÈÜåÆÌ ¡·ÛëÆĞ ©³Ğ¡¹Ì²³«¹Ü¥³. äŒæÆĞëÆÌ ¨³ªÈåÆÌ¡¸ ò¿İ¬³İ²È ’³Ğ¦³Üäˆ ¢´ ªÈ¢¹æÆĞëÆÌ ©³—Œ¡¸ ëÁØ¬ÈÉ«¹Ü¥³. «¹¡Èª· ¬´¨È«ÈÜåÆÌ éŠéÁÌëÆÌ äŒæÆĞ«È êÁĞëÆĞ ¡¸ê»É²´ª· ¨³ªÈ¨¹Ìª· ¡³É¬È«¸ª· æÆÏäˆ «ÈÜ«·Ü¥·Ì ©È¨ÈĞæÆĞëÆĞ ¨³Ğ²³Ì¥³åÆÌ ¡·«¹Ü¥³. ¨ÈÏëÆĞ¨³Ì²³Ì ¡·¬ÈÛ¨³Ğ, ¬ÈÌ¦È, ÿ¼Ìª³İ, åˆ¦´ æÆİ ¡·¡È«¸ «ÈÜ¥·Ì ª³¦³ØæÆĞ«È ëÁÛëÆØëÆĞ °·–Œ¦ÈĞ‘´³¬È äŒæÆĞëÆÌ «ÈÜ«·Ü¥³. ¢³åÆÌ æŠª³¦³ØëÆĞ ùÄ²´ ªÈ¢¹æÆĞ«¸¡¸ ¥·ëÁÉ ¥· êÁĞëÆĞ ¡³¬¹¥³ ìÁĞ ¡·ÛëÆĞ ¨³Ğ²³«¹Üäˆ äŒæÆĞëÆÌ –»É©³çˆ «ÈĞ«·ª·ĞêŠ «·ÚëÆĞ‘´³¬ÈŞ ¨³ª¹Ü¥³.;;;;;;;;;;;;;x
DWLilith1073A; [dw_drunkard.GetFirstName] ù¼ [dw_drinking_buddy.GetFirstName] «¹İ«¹İ êÁÉûÄçÆĞ è»ÛåŒÈĞ¬Èæˆ èˆçŒ¡¸ÜäÁÌ.;;;;;;;;;;;;;x
DWLilith1075;©³Ø«È ¥³¡³ëˆäˆ êÁĞ«È ª³¦³ØæÆĞ ª³«Èçˆ ¬³ë‹ç»Ù¡¸ ëˆ¡³Ù¢È¥³. ¥´éŠéÁÌëÆÌ ²³Ì¡ºçÆĞ ¨³¬È ²³ÌæÆÛ êŒêŒçˆ äŒ¨³Ì ¨³ªÈ¬È¨³Ì ë‹¡³ØêŒ¦·Ù¡¸æˆ [dw_drunkard_bad.GetBestName] ëÆÌ ¬³ªÈÌ«È ²³Ì¡ºçÆĞ ¢·Ø«·Ü¥³åÆÌ ¡·ÛëÆĞ «ÈÌªÈÉ²³¬È è»Û²´Üäˆ ¡³Ù¬³ÉêŒ¦·Ù¡¸ °¸«ÈéÆĞ ©³³á ™»ÉëÆĞ ²µİ²´ äŠïˆçÆĞ ²³«¹ÜêÆÙ¢È¥³. äŒ èˆêÆÙëÆĞ éˆ¥·Ì ¥³çÆÌ ª³¦³ØæÆĞëÆÌ äŒä»Û«¸ª· æˆ¨³İ®È¡È ©³’³ÜêÆÙ¢È¥³. [dw_drunkard_bad.GetBestName] ëÆÌ ¡¹ĞäÁÉ ©³İëŒçˆ ë»Ò¡¹¬¹ÜêÆÙ¢È¥³.;;;;;;;;;;;;;x
DWLilith1075A; [dw_drunkard_bad.GetFirstName] ¡³ êÁĞëÆĞ ¥· ¬³Ğ¨³ªÈĞêŠ «ÈÜ¡ÈĞ ©³¦³¬È.;;;;;;;;;;;;;x
DWLilith1081;While pondering how I may spruce things up at the celebration, I come upon the grand idea of a feast of desserts. And better yet, my plate shall be one of the servant girls. \n  Upon the evening, my feast of desserts was held. It was a grand affair and a hit with many of the guests. Oh, and when the servant girl was brought out and laid before me, the variety of looks I received was grand. The kitchen did their work very well, as the little morsel was adorned with all manner of sweets in all the the right places. Unable to resist, I dug right in and enjoyed the meal. I apparently wasn't the only one enjoying it as well, for I noticed a certain juicy flavor to the food as I ate.;;;;;;;;;;;;;x
DWLilith1081A;Such a fine way to enjoy a little dessert.;;;;;;;;;;;;;x
DWLilith1083;¢´¡³ íÁÉ²³ «¹Ìÿ¿çÆĞ «·‘·ã¡¸ ¬³İªÈÉ²³Ğ¬È äˆ¨ÈÌ²³Ğ‘´ ¥È¬·ïŒ ¬³Ì®È«¸ ¥´²´ ¡È©³Ğ²³Ì ª´İ¡³É«È ‘·ë»Ğ¦³Ü¥³. ¬·¢¹É«È ëˆäˆ ¬³Ì®È¡³ ªÈ¬³Éô¿¬³ ª³¦³ØæÆĞëÆÌ ¥³«µİ²³Ì ò¼¬³çÆĞ ¨·ÉëŒ¦¹ ²´Ü¥³. ¥´éŠéÁÌùÇ ª³¦³ØæÆĞëÆÌ ì»ãëÆÌ ©³ÌëÆİ«È«¹Ü¥³. äŒ¦·Ì¥¸ [dw_gluttonous.GetSheHe] ¡³ ª·©Èİ²³¥·Ì êˆ¢¹æÆĞ ìÁİ ²³Ì¨¹İëÆĞ °¸«ÈéÆĞ ùÄ«¸ ¡³Ù¬³¡È ë»Ğ¦¹¥·Ì¬¹Ü¥³. [dw_gluttonous.GetBestName] ëÆÌ ëŠ¦ÈæÆĞëÆĞ å»Ğ¦³¡¸ ²´Ü¥³. [dw_gluttonous.GetBestName] ¡³ ¨³®È äŒ¢¹ùÇ è»Ø«È ª³Ğ«³ «ÈÜåÆÌ ¬·ÙªÈ«ÈÌ ¡·Û ¨³¢µİ äŒ¢¹ùÇ è»Ø«¸ ¥³«µİ²³Ì ¥È¬·ïŒæÆĞëÆĞ ë»Ğ¦È¡È ªÈ¬³É²´Ü¥³. äŒ¦·åÆÌ æ»İ«³Ì êˆ¢¹åÆÌ «·ĞäÁĞ«È éÁÑ«·¬¹Ü¥³. [dw_gluttonous.GetSheHe] åÆÌ äŒ¦·ã¡¸ êˆ¢¹ùÇ è»Ø ùÄ«¸ «ÈÜåÆÌ ¥È¬·ïŒæÆĞëÆĞ ²³¢³“ÈÉ ¨·ÉëŒ¨¹ ìÆĞ¡·ùÂ éˆ«¹Ü¥³. ¬·¢¹É ¥È¬·ïŒ íÁÉ¬¸¡³ •Æá¢³ĞèŠ¦¹Ù «¹¦· ª³¦³ØæÆĞ«È [dw_gluttonous.GetFirstName] çÆĞ éŠ¦·ùÂ²´Ü¥³åÆÌ ¨³ĞëÆĞ æÆÏäˆ [dw_gluttonous.GetFirstName] ¡³ ¨Èêˆ¬È«·Ü¥³. ;;;;;;;;;;;;;x
DWLilith1083A;«·Ì¬¸Ì¡³åÆÌ ¬·¦·Ì ¡·ÛæÆĞ«È ªÈÉª³«¸ ¥´²³Ì ¡Èé»Ì«È ô¿Ğ¬Èæˆ èˆçŒ¡¸ÜäÁÌ.;;;;;;;;;;;;;x
DWLilith1085;¢³åÆÌ «È ²´İª³çÆĞ «·‘·ã¡¸ ¬³İªÈÉ²´«µ ²³Ğ¬È äˆ¨ÈÌ²³Ì •Æá«¸ ¨³ÎëÆÌ ¥È¬·ïŒ ëÆØªÈÉæÆĞëÆĞ ìÁÌ©È²³¡Èçˆ ²³«¹Ü¥³. \n ¬·¢¹É«È ëˆäˆ ¬³Ì®È¡³ ªÈ¬³Éô¿¬³ ª³¦³ØæÆĞëÆÌ ìŠ©³İ¬³İ«È ¨³ÌæÆÌ ¥³«µİ²³Ì ò¼¬³æÆĞëÆĞ ¨³Ûéˆ¨¹Ìª· ìÆĞ¡¹Ü¥³. [dw_gluttonous_bad.GetBestName] çÆĞ ğˆ²³Ø²³Ì ¨³ÎëÆÌ ª³¦³ØæÆĞ«È íÁİéÁÌ²È ©´¡³ éŠçÆØ«¸æˆ ¡¸ê»É ¨·É«·¥´Üäˆ –ˆ ¡¸ê»É ¨·É«·Ü¥³. \n äŒæÆĞùÇ «·ĞäÁĞëÆÌ ®³İ©´É²´¬¹¡³Üäˆ ²³Ì ª³¦³Ø«È °¸«ÈéÆĞ«¸ äŠïˆçÆĞ ²³¬³ ¥·İ¥³Ğ«³ «¹¦· ª³¦³ØæÆĞ«È äŠïˆçÆĞ ²³¡È ªÈ¬³É²´Ü¥³. \n ¨¹ß¨¹ßëÆÌ äŒ ¬³¦È«¸ª· ©·Û«·¢³¡È ©³’³Ü¥³. [dw_gluttonous_bad.GetFirstName]çÆĞ ©³İëŒçˆ ë»Ò¡Èäˆ ¢³ª·«µ ¬·¢¹É¬³Ì®ÈåÆÌ •Æá«È ¢³Ü¥³.;;;;;;;;;;;;;x
DWLilith1085A;[dw_gluttonous_bad.GetFirstName], ¬³ªÈÌëÆĞ ¥· ¬³Ğ ï»İ¬¸²³ª¸ë‰.;;;;;;;;;;;;;x
DWLilith1141;åÆŞëÆÌ ¬·¢¹É, ¬·¢¹É ¨³Ì®³Ì«È •Æá¢³äˆ ª³¦³ØæÆĞ«È ëÆØç‰ù¼ «µÉ¡³ÌùÇ ëˆ¦³ÉëÆĞ ìÆĞ¡Èäˆ «ÈÜëÆĞ‘´, ©³İùÇ ¨´Ì •Æá«¸ª· êˆæ»İ«È «ÈĞ«·¢³Ì¡· ¡³á«³Ü¥³. êˆ¦È¡³ æÆĞ¦¹Üäˆ ²³¢³åÆÌ ù¿¨³¥È ©È¨¹İêˆ¦Èù¼ ¯ÈÉ¯ÈÉ¡·¦ÈåÆÌ ª³¦³ØæÆĞùÇ ëÁÛëÆØ êˆ¦È«¹Ü¥³. äŒä»ÛëÆĞ ª³Ğ±¹éˆ¬³[dw_spanked.GetBestName] ¡³ ù¼Ì¬·Ì²È ©·Ğ¡·©·ÛëÆÌ ®´çˆ ûÄ²³Ì®´ ª·©ÈİëÆĞ ²³¥·Ì ²³Ì êˆ¢¹ùÇ èŠçÆâùÄ«¸ «·â«·¬¹«ÈÜåÆÌ ¡·ÛëÆĞ éˆ«³Ü¥³. äŒ¢¹åÆÌ äŒçÆĞ ‘´¦Èäˆ «ÈÜ«·Üäˆ äŒåÆÌ äˆï»İ«¸ «·ĞäÁĞëÆĞ ”ÈİäŒ¦Èäˆ «ÈÜ«·Ü¥³. ²³¬È¨³Ì ²·©·É¬È ª³«È«¸ «ÈÜåÆÌ äŒùÇ ¬³¬ÈåÆÌ ¥³Ì¥³Ì²³¡¸ ©³Ğ¡È²´ «ÈÜ«·Ü¥³. äŒåÆÌ «³èŠ¦´æˆ äŒ¡·ÛëÆĞ ìÆĞ¡Èäˆ «ÈÜåÆÌæÆÛ éˆ«¹Üäˆ ¥³çÆÌ ¬È¯¹éˆåÆÌ ª³¦³ØæÆĞæˆ äŒ¡·ÛëÆĞ ìÆĞ¡Èäˆ «ÈÜ«·Ü¥³. [dw_spanked.GetBestName] ëÆÌ ¥·ëÁÉ¥· ¡³İ²³Ì ®¸©·ĞëÆĞ ùÂÌ²³¨¹Ìª· ªÈ¢¹çÆĞ '«·Ø¨³'¦³äˆ éŠçŒ¡È ªÈ¬³É²´Ü¥³. «È«¸ ª³¦³ØæÆĞ«È ëÁÛëÆØ«È •ÆÎ«È¬ÈĞ «³Î«³Üäˆ ¨¹ß©·ÌùÇ ®¸©·Ğ«È ¥· «ÈÜëÆÌ ‡Š [dw_spanked.GetBestName] ëÆĞ ©³İëŒçˆ æ»Ğ¦¹ éˆ¢´Ü¥³. ;;;;;;;;;;;;;x
DWLilith1141A;[dw_spanked.GetFirstName] ëÆÌ ¢´«ÈĞ «·ĞäÁĞæˆ æÆĞ«·ë»Ğ¦È¬È è»Û²³¡¸Ü¬È.;;;;;;;;;;;;;x
DWLilith1150;ª³¦³ØæÆĞ ìÁİ ²³Ì¨¹İ«È «¸«ÈĞùÇ ¨³Û«¸ ¨³Ìì»É²³¬È è»Û²³äˆ'«·İ¥·İ«È ¡³áëÆÌ ¨³Û'«È¦³äˆ ¨³Ğ²³«¹Ü¥³. «¸«ÈĞëÆĞ ¥³çÆÌ¡·Ğçˆ ©³•Š¡È«¸åÆÌ ëˆåÆĞ ©³Ø íÁÉ¬¸ùÇ ªÈ¡³Ì«È ¢·èŠ ¨³Î«È ¬È¢³Ü«·Ü¥³. ¢³åÆÌ «¸«ÈĞùÇ ğÁØ¬ÈĞëÆĞ ª´İ¡³É²³¨¹ ¬³ÉëÆÌ «³«È¥È«·çÆĞ ª´İ¡³É²´¢´«·Ü¥³. ª³¦³ØæÆĞ«È «¸«ÈĞëÆĞ «·Ï¡È ùÄ²´ ñ»Ğçˆ ¡³ÜëÆĞ‘´ ¨³¡´¡³ ¥³Ğ¦ÈÌ ëÀİ¡È«¸ «¸«ÈĞò¼ ²³Ø¸ «³çÆØ¥³ëÁÌ «¹ª·İ«È «ÈÜåÆÌ ¡·ÛëÆĞ ©³Ğ¡¹Ì ²³Ğ êŠ «ÈÜ«·Ü¥³. äŒ¢¹åÆÌ «·‘·²³Ì ê»Éë»Ûæˆ «ÈÙ¬È «³Î«³Üäˆ ëÀİ¡ÈåÆÌ äŒ¢¹ùÇ «·İ¥·İ«È«¸ ğÆĞ¦·äŒçÆĞ •»ŞëÆÌ®´ ¥³Ì¥³Ì²È äˆ¬·İô¿«· «ÈÜ«·Ü¥³. –ˆ ¥³çÆÌ ª·©Èİ êˆ¢¹åÆÌ «¹â«¸ ª·ª· ¯·Ù«¸ «¸«ÈĞëÆĞ ®´ùÂÜ¥³. ª³¦³ØæÆĞëÆÌ ®·ëÆØ«¸åÆÌ ìŠ¬·²´Ü¬È¨³Ì ª·©Èİ²³åÆÌ êˆ¢¹ùÇ ¡³êÆØò¼ «¸«ÈĞëÆĞ ‘³çÆĞ‘´¨³¥³ ©·Ğ¦·İ¡·¦ÈåÆÌ «·İ¥·İ«ÈçÆĞ éˆ¨¹ «¸«ÈĞëÆĞ ¡³¬¹¡³¡ÈùÄ²´ «³â¥³ïŠ«· «Èæ»İ²³«¹Ü¥³. «È¡·ÛëÆÌ š¾ ª·İä»İ¬·É«È«¹Üäˆ ê»Ì¢ÈØæÆĞëÆÌ ¥· ¨³ÎëÆÌ ¡·ÛëÆĞ ë‰äŠ ²³¨¹ «·İ¥·İ«ÈçÆĞ ‘´¦¹Ü¥³. «È¡·ÛëÆÌ íÁÉ¬¸ùÇ ©ÈëÀİëÆĞ «·åŒ¬·İæˆ é»ÉäŠ ²³ĞêŠ «ÈÜ¡¸ ²´ìÁĞ ¬·İæˆ«¹Ü¥³. ;;;;;;;;;;;;;x
DWLilith1150A;«³Ğîˆë»Ğò¼ «·İ¥·İ«ÈåÆÌ ¡·ùÇ ²³¢³ùÇ åˆ¦´ù¼ ¡³á«³Ü«·.;;;;;;;;;;;;;x
DWLilith1150B;¬· «¹¬³æÆĞìÁİ ²³Ì¨¹İëÆĞ ¢³ìÁİ«¸ «ÈëÀİ²´«µ¡¸Ü«·.;;;;;;;;;;;;;x
DWLilith1151s;¬·ÒëÆÌ «¹¬³ ìÁİ ²³Ì¨¹İò¼ «¸«ÈĞ «·İ¥·İ«È ²´İª³«¸ ¥´²´ ¡³©¹ëÁÌ «È«µ¡ÈçÆĞ ²³¬³äˆ ²³«¹Ü¥³. äŒ¢¹åÆÌ ¢´ ¨³Ğ«¸ øÄÙ¡¸ ëÆİ²´Üäˆ äŒ¢¹¡³ ù¾Ì¨³Ì²³Ì ¡·ÛæÆĞëÆĞ ¡·éŠ²³¬È «³ÎåÆÌ¥³åÆÌ ¡·ÛëÆĞ «³Ğ«³Ü¥³.\n äŒ¢¹ùÇ ²³«µÌ ±ÈéŠù¼ ìŠäÆÌ´¡³ «ÈÜåÆÌ «·ĞäÁĞëÆĞ ¨³Ì¬È¬³ éŠæŒ¦·ùÂÜ¥³. äŒ¦·äˆåÆÌ ëŠ¦È ¬³ÉëÆÌ «¹ëŠùÇ è»ØëÆĞ «Èä»Û¬·ä»Û °³Ø²·Ø²³«¹Ü¥³. äŒ¢¹¡³ ¨´ëŠ «¹Ğ¬·İ¬·ÉëŒçˆ ©³ÌëÆİ²³¨¹ ìÆĞ¡·Ù¡¸ ©³Ï«³æÆĞ«¹Ü¥³.  ²³¬È¨³Ì äŒ¢¹¡³ «È¦·Ì™»É«¸åÆÌ ¡¹İ²·Ø«È «·ÚåÆÌ¡·Û®·¦·Ø éˆ«¹Ü¥³. \n ¢³åÆÌ äŒ¢¹«¸¡¸ ¬³ØªÈ ¡³¨³Ì²È «ÈÜëŒ¦³äˆ ²³Ì ôÄ«¸ äŒ¢¹çÆĞ ®·Ì®·Ì²È «´èŠ²´Ü¥³. äŒ¢¹«¸¡¸ ¢´¡³ ²³åÆÌ ²´İæ»İæÆĞ«¸ ®·Ì®·Ì²È ª·Ğ¨¹İëÆĞ ²´ìŠ¨¹ ¬·Ø¬·Ø ¥· ¡³İæˆçÆĞ å»â²¹Üäˆ äŒ¢¹åÆÌ ëˆçŒ¡³êÆØ«¸ «ÈÙêÁĞëÆĞ ´èÁĞäˆ ‡ŒåŒ¹Ü¥³. \n äŒ¢¹¡³ ¥³ªÈ êÁØëÆĞ äˆçÆĞ‘´ ®·Ì®·Ì²È ¬³äÆÉëÆĞ ìŠ«·Ü¥³. äŒ¢¹ùÇ è»ØëÆÌ ¬·Ìéˆ¥³ ¥· ¨ÈÌ¡³Ø²³¡¸ ©³ÌëÆİ²³«¹Üäˆ äÆØª¸ æŠ©·Ì”´ ëˆçŒ¡³êÆØëÆĞ åŒ¹Ü¥³. ‘³ØëÆĞ ñÆĞ¦Èäˆ «´«´ÉëÆĞ —ÁØ«·¥´åÆÌ äŒ¢¹«¸¡¸ ¨³Ğ²³«¹Ü¥³. \n " ¢´ «´ù¼Ì«¹ëŠ «³ìŠ ì»ã«³. «È¬¸ ©³İäÆØ ©´ëÁÌ ¡·ÛæÆĞëÆĞ ¢´¡¸ éˆ«¹ìÁĞ ®³¦º«µ." ¬·ÒëÆÌ «¹¬³åÆÌ îŒ¡¸ ¨ÈêˆçÆĞ ¬ÈëŒ¨¹ ¢³«¸¡¸ é»İª³²³¡È ùÄ²´ è»ØëÆĞ êÁÉ«¹Ü¥³.;;;;;;;;;;;;;x
DWLilith1151i;One of the young ladies readily agrees to meet and 'discuss' the fine work they put into the ale ass event. I spend some time with simple pleasantries before making my move, and find the young lass puts up no resistance. \n  Her pale freckled skin is soft to the touch and sensitive. Causing her to alter between moans and giggles as we explore each others body. I can't help but grin, for while she's very enthusiastic, I notice she seems clumsy and inexperienced overall. \n  I decide to take the opportunity to instruct her on how to properly pleasure a man. I sit down, with my engorged cock standing before her. I instruct her on aspects of giving proper head. Kneading the balls softly, dragging her tongue along the vein under my cock, and giving the crown of my cock ample attention. When we reach where she's sucking on my cock, I encourage her to stroke my shaft with her hand in rhythm with the motion of her head. I see she looks a little embarrassed at the saliva coming from her mouth, and I assure her it's okay, that the more she drools over my cock, the better it feels and sounds. \n  Finally, I explode, pumping hot shots into her mouth, where she swallows some and dribbles out the excess. "Well done my kitten. Now it's your turn." \n  Having had my first orgasm for the night, I lay the young lass back and take to bringing her to her own release.;;;;;;;;;;;;;x
DWLilith1151A;ñÁĞçÀİ²³Ì ¬·¢¹É ©³Ø«ÈçˆäŠ¢³.;;;;;;;;;;;;;x
DWLilith1161;äŒ¡·ÛëÆÌ ¥³ÌêÁÌ²³¡¸ ªÈ¬³Éô¿«·Ü¥³. [dw_lesbian_drinker.GetBestName] ù¼ ¥³¦µİùÇ êÁĞëÆĞ ¨³ªÈäˆ ¢³ª· ª·çˆùÇ ë»Û®³¦ÈØ«È åŒêÆÌ²´¬Èäˆ ©ÈïÆĞ¡·¦È¨¹ êŒêŒçˆçÆĞ ô¿æ»Ğ«³÷¼ÜëÆĞ‘´åÆÌ «È¨È åÆŞ«·Ü«·Ü¥³. ëŠ¦ÈæÆĞëÆÌ «·‘·²³Ì ¡·Ûæˆ ¡·Ğ®È¬È «³Î«³Ü¥³. [dw_lesbian_drinker.GetBestName] åÆÌ –ˆ ²³Ì©·Ì êÁĞëÆĞ ¨³ªÈ¬³äˆ ²³«¹ÜëŒ¨¹ äŒ¡·ÛëÆÌ ¢´ ¡³êÆØùÄ«¸ ¬·ÌéŠ¥³ ˜»Ï«³¬¹Ü¥³. äŒ¦·¬³ [dw_lesbian_drinker.GetBestName] åÆÌ ¢´ éˆ¬È«¸ «·âæŒ¦ÈäˆåÆÌ äŒ¡·ÛæÆĞëÆĞ ²³Ó«³¨·É¡È ªÈ¬³É²´Ü¥³. äŒ¢¹¡³ ²³Ó«³ ¨·ÉåÆÌ êÁĞò¼ °³«´ÉëÆÌ ¢³çÆĞ ëˆçŒ¡³êÆØ«¸ æˆ¥³Ğ²È¡È«¸ íÁİéÁÌ²´Ü¥³. äŒ‘´ ¢³åÆÌ ¨¹ß¨¹ß«È ëŠ¦ÈçÆĞ ®¹¥³éˆäˆ «ÈÜåÆÌ¡·ÛëÆĞ åŒ¹Üäˆ äŒ¡·ÛëÆÌ ¢³çÆĞ ²³Ì©·Ì¥· ¬·Ğ¬·İ«¸ «ÈçŒ¡¸ ²´Ü¥³ «È‡Š [dw_lesbian_drinker.GetBestName] ù¼ ¡¸ê»É²´ª· êÁĞëÆĞ ôÄ¥·âëÆÌ®´ ¨³ª¹Ü¥³..;;;;;;;;;;;;;x
DWLilith1161A;[dw_lesbian_drinker.GetFirstName] ëÆÌ û¿äˆùÇ êÁĞ«È«¹Ü«·.;;;;;;;;;;;;;x
DWLilith1163;²³Ì ªÈ¢¹¡³ é»ÉæˆçÆĞ ¬È¢³¨¹Ìª· ¯ÈÉ¯ÈÉ¥´¨¹ ëÁÛäˆ «ÈÜ«·ÜêÆÙ¢È¥³. äŒ¢¹åÆÌ ª·©ÈİëÆĞ ²³äˆ «ÈÜ«·Üäˆ ²³Ì ©³İ«¸ª·[dw_lesbian_drinker.GetBestName] ù¼ [dw_lesbian_wine.GetBestName] ¡³ ¬´¨È«ÈÜåÆÌ «ÈĞëÆĞ ©·Ğ«Èäˆ «ÈÜ¥³äˆ ²³«¹ÜêÆÙ¢È¥³. ¢³åÆÌ ‡ˆ¡ÈªÈØ«¸ äŒä»ÛëŒçˆ ¡³Üäˆ [dw_lesbian_wine.GetBestName] ù¼ [dw_lesbian_drinker.GetFirstName] ¡³ æÁĞ¥³ ©·Ğ¡· ©·ÛëÆÌ ®´ ª·çˆçÆĞ ²³ÕëŒ¨¹ êÁĞæÆĞëÆĞ ôÄ¬ÈÙ«· ˜ÆÌ®´ «ÈÜåÆÌ ¡·ÛëÆĞ ÷¼ÜêÆÙ¢È¥³.;;;;;;;;;;;;;x
DWLilith1163A;êÁĞò¼ ìÆĞ¡·ëÁØëÆĞ ²³Ø¸ ìÆĞ¡ÈåÆÌ «Èª³İ¬·É«ÈÌ ©³İ©·Ù«ÈäÁÌ.;;;;;;;;;;;;;x
DWLilith111;«·¨·¢È ¦ÈĞ¦ÈêŒùÇ íÁÉé»É ¥·ÉéÁÌ«¸ ¢´ «·ĞäÁĞò¼ è»ØëÆĞ «³çÆØ¥³Ù¡¸ ¨³ÌæÆĞêŠ «ÈÜ«·Ü¥³. ¬³ªÈÌëÆĞ ²µİª³İªÈ¯Èäˆ ¥³çÆÌ ª³¦³ØæÆĞ«È ¢´ «¹İ²µİ¦¹É«¸ ¥· ¬³Ğ ©³ÌëÆİ²³¡¸ ¨³ÌæÆĞ¡¸ ô¿«·Ü¥³.;;;;;;;;;;;;;x
DWLilith111A;¢³åÆÌ ¥³ªÈ ¨³ÌæÆĞ«·¬¹Ü¥³.;;;;;;;;;;;;;x
DWLilith115;«·¨·¢È ¦ÈĞ¦ÈêŒùÇ íÁÉé»É ¥·ÉéÁÌ«¸ ¢´ «·ĞäÁĞò¼ è»ØëÆĞ «³çÆØ¥³Ù¡¸ ¨³ÌæÆĞêŠ «ÈÜ«·Ü¥³. ¬³ªÈÌëÆĞ ²µİª³İªÈ¯Èäˆ ¥³çÆÌ ª³¦³ØæÆĞ«È ¢´ «¹İ²µİ¦¹É«¸ ¥· ¬³Ğ ©³ÌëÆİ²³¡¸ ¨³ÌæÆĞ¡¸ ô¿«·Ü¥³.;;;;;;;;;;;;;x
DWLilith115A;¢³åÆÌ ¥³ªÈ ¨³ÌæÆĞ«·¬¹Ü¥³.;;;;;;;;;;;;;x
DWLilith120.1;I am one of Lilith's Nightmares. As night falls, and I can feel the energy that fills the air as mortals sleep. I close my eyes and focus on the energy that I've collected and begin to push it towards shaping my body. \n  Instead of turning the energy towards taking another form, I instead focus on my extreme ailments. I now have the ability to purge major diseases, recover from major physical damage, to the point where I can even regenerate lost limbs. \n  As I complete the ritual, I notice the dream energy begin to fade as mortals awaken for their daily activities. I breath out a sigh of relief. I've made it through the evening and start today free of that which hindered me.;;;;;;;;;;;;;x
DWLilith120A;Praise Mother Lilith for her gift.;;;;;;;;;;;;;x
DWLilith120.0;I am a Demoness of Mother Lilith. My body altering ability has reached the pinnacle of possibilities. I focus and feel the energy move within me as I begin to move it towards shaping myself. \n  Instead of turning the energy towards taking another form, I instead focus on my extreme ailments. I now have the ability to purge major diseases, recover from major physical damage, to the point where I can even regenerate lost limbs. \n  As I complete the ritual, I notice the sun appear over the horizon. With the world awakening to the dawn of a new day, so too starts a new day free of that which hindered me.;;;;;;;;;;;;;x
DWLilith130;«·¨·¢È ¦ÈĞ¦ÈêŒåÆÌ ¢´¡³ «ÈÌî‹©·êŒçˆª· ¥³çÆÌ ª³¦³ØæÆĞùÇ •ÁØ«¸ ®ÈØïŠ²´ äŒæÆĞëÆĞ ùÂÌ²³åÆÌ¥´çˆ ¨³ÌæÆĞ êŠ «ÈÜ¡¸ ²´ìŠ«·Ü¥³. éÁĞ²´İ²Èæˆ «È©·Ì è»Éğ‰åÆÌ [From.GetBestName] «¹Üäˆ ¢´ éÁÌåˆçÆĞ éÁĞ¦·«ÈÜëŒ¯¹Ü¥³. \n ëˆåÆĞ ©³Ø [From.GetBestName] ùÇ •ÁØ«¸ ®ÈØïŠ²´ ìÁÉëÆØëÆĞ éˆ«¹ìŠ«· «¹İ«¹İ ´¬È è»Û²³¡¸ ¨³ÌæÆĞ¡·Û«È«¹Ü¥³. \n «È «¹İ²µİëŒçˆ ¥³«µİ²³Ì ¬·İªÈÌ¬·É ëÅÉ®¸¬·É äˆï»İ«È è»Éğ‰«¸¡¸ ©³Ğª´İ²³Ğ ¡·Û«Èäˆ ëŠëÁĞìÆİ«¸ ªÈ¥³Ğ¦È¡·¢³ äÆÉ¥³Ì¬·É«ÈÌ ¡¹İëŠ ¬·İªÈÌ¬·É ª³äˆçÆĞ ¬¸¥´çˆ ²³Ğ êŠ «·Ú¡¸ ¨³ÌæÆĞêŠ «ÈÜ«·Ü¥³. äÆÉ²È æŒèÁĞ¡¸ ªÈØ¬³İ¨³©Èù¼ ²³Ø¸ ìÁÉëÆØ«¸ «ÈçŒåÆÌ ¡¹İëŠæˆ «ÈÜ«·Ü¥³. \n ëˆåÆĞ ¢³åÆÌ •ÁØëÆĞ ²¹İª·İ²³«¹ ©³ØùÇ ä»İğˆçÆĞ éˆ«¹ìÁĞ ¡·Û«È¥³.;;;;;;;;;;;;;x
DWLilith130A;¬·İªÈÌùÇ ²ÈØëÆÌ ëÅÉ®¸«¸³¬È «¹İ²µİëÆĞ ¨È®ÈåÆÌ ªÈÌ©È²³Ì¡·Û«Èçˆ¥³.;;;;;;;;;;;;;x
DWLilith140.0;I meet the gaze of [From.GetBestName] and through the eye contact, I open the desire within me to them. [From.GetFirstName] freezes, a dazed look upon their face as I move in, my desire calling for them to release themselves to me. \n  Before I even touch [From.GetFirstName], they shudder from their first orgasm. I stroke my finger along their cheek, and my desire calls out for more. Their body responds, and mine begins to gather the essence being released by [From.GetFirstName]. As I pull it in, they moan and tremble as another orgasm builds within them. Inside me, I feel exquisite as I feel their essence pass through me, and into the connection that I have with Mother Lilith.;;;;;;;;;;;;;x
DWLilith140.1;I meet the gaze of [From.GetBestName] and through the eye contact, I open the desire within me to them. [From.GetFirstName] freezes, a dazed look upon their face as I move in, my desire calling for them to release themselves to me. \n  Before I even touch [From.GetFirstName], they shudder from their first orgasm. I stroke my finger along their cheek, and my desire calls out for more. Their body responds, and mine begins to gather the essence being released by [From.GetFirstName]. As I pull it in, they moan and tremble as another orgasm builds within them. Inside me, I feel exquisite as I feel their essence pass through me, and into the connection that I have with Mother Lilith.;;;;;;;;;;;;;x
DWLilith140A;Lilith is pleased with such fine energy.;;;;;;;;;;;;;x
DWLilith140B;Lilith accepts their life energy.;;;;;;;;;;;;;x
DWLilith140C;Lilith wishes you choose better.;;;;;;;;;;;;;x
DWLilith150;Using the powers that Lilith has given me, I may now alter my appearance if I so choose. \n  Portrait 9 is shown on the left, Portrait 10 in the middle, Portrait 11 on the right. \n  If you want your own image, you can edit the .dds file called remedy_portrait_swapping.dds and replace either portrait 9, 10, or 11 with one of your own. \n  NOTE: This spell does NOTHING for you if you're not also running the Dark World ReMeDy Custom Portrait mod. \n  NOTE 2: If you wish to change your appearance multiple times - ensure you click the option to first remove your previous custom portrait selection.;;;;;;;;;;;;;x
DWLilith150A;I'll take portrait 9.;;;;;;;;;;;;;x
DWLilith150B;I'll take portrait 10.;;;;;;;;;;;;;x
DWLilith150C;I'll take portrait 11.;;;;;;;;;;;;;x
DWLilith150D;Never mind. I'll pass on changing anything this time.;;;;;;;;;;;;;x
DWLilith150E;Remove the custom incubus portrait.;;;;;;;;;;;;;x
DWLilith155;Using the powers that Lilith has given me, I may now alter my appearance if I so choose. \n  Portrait 12 is shown on the left, Portrait 13 in the middle, Portrait 14 on the right. \n  If you want your own image, you can edit the .dds file called remedy_portrait_swapping.dds and replace either portrait 12, 13, or 14 with one of your own. \n  NOTE: This spell does NOTHING for you if you're not also running the Dark World ReMeDy Custom Portrait mod. \n  NOTE 2: If you wish to change your appearance multiple times - ensure you click the option to first remove your previous custom portrait selection (on the second page).;;;;;;;;;;;;;x
DWLilith155A;I'll take portrait 12.;;;;;;;;;;;;;x
DWLilith155B;I'll take portrait 13.;;;;;;;;;;;;;x
DWLilith155C;I'll take portrait 14.;;;;;;;;;;;;;x
DWLilith155D;I think I'll consider more options (next page).;;;;;;;;;;;;;x
DWLilith156;Using the powers that Lilith has given me, I may now alter my appearance if I so choose. \n  Portrait 15 is shown on the left, Portrait 16 in the middle, Portrait 20 on the right. \n  If you want your own image, you can edit the .dds file called remedy_portrait_swapping.dds and replace either portrait 15, 16, or 20 with one of your own. \n  NOTE: This spell does NOTHING for you if you're not also running the Dark World ReMeDy Custom Portrait mod. \n  NOTE 2: If you wish to change your appearance multiple times - ensure you click the option to first remove your previous custom portrait selection.;;;;;;;;;;;;;x
DWLilith156A;I'll take portrait 15.;;;;;;;;;;;;;x
DWLilith156B;I'll take portrait 16.;;;;;;;;;;;;;x
DWLilith156C;I'll take portrait 20.;;;;;;;;;;;;;x
DWLilith156D;Never mind. I'll pass on changing anything this time.;;;;;;;;;;;;;x
DWLilith156E;Remove the custom succubus portrait.;;;;;;;;;;;;;x
DWLilith160;[From.GetBestName] «¸¡¸ ä‰ñÁÌëÆĞ ìÁĞ ±ÈĞë‰¡³ «ÈÜ«·Ü¥³. äŒæÆĞùÇ ²·ª¸åÆÌ ¬·Ø¬·Ø ¥· òÄ®³Î¡¸ «¹¡¹¬¹Ü¥³. äŒ¦´ª· ¥³İªÈÌëÆÌ ©·ĞëÆĞ ìÁĞ‘´¦³äˆ ª´İ¡³É²³«¹Ü¥³. \n ¢´ ÿ¼Ìª³İ åÆİ¦¹ÉëÆĞ ª³ëÀİ²³«¹ ¢³«¸ ¥´²³Ì «ÈÌªÈÉëÆĞ ª´ç»Ù¡¸ ©³•Š¡¸ ²³¡·¢³ äŒæÆĞëÆĞ «³âëŒçˆ êŠ¡´ùÂĞæ»İ«³Ì ²¹Ù©³É²³åÆÌ ©³İ©·Ù«È «ÈÜ«·Ü¥³. \n –ˆåÆÌ äŒæÆĞùÇ ²¹ÌªÈĞëÆĞ ù¾ä»ÉªÈ¯¹ ìŠ©¹ÌùÇ èˆæÆÌ ¡·Û«¸ éÁĞ«³Ì²³¡¸ ¨³ÌæÆĞ êŠ «ÈÜ«·Ü¥³. äŒ¡·ÛëÆÌ äŒæÆĞùÇ ¡¹ĞùÇçÆĞ ´–Œ¦ÈĞ¡¸ éÁÌ¨¹İ²´Ü¥³.;;;;;;;;;;;;;x
DWLilith160A;[From.GetFirstName]«¸¡¸ ¢´ ì»Ì¬´çÆĞ ¥· ¡³İ²³¡¸ «ÈÌªÈÉªÈ¯È¬³.;;;;;;;;;;;;;x
DWLilith160B;[From.GetFirstName]ùÇ ùÇ¬ÈçÆĞ «µÉÿ¼ªÈ¯ÈĞ ¡·Û«È¥³.;;;;;;;;;;;;;x
DWLilith170.0;¢´ è»ØëÆĞ ìˆ¬³É²³åÆÌ åÆİ¦¹ÉëÆÌ ¨´ëŠ ¨´¦¹É¬·É«È«¹Ü¥³ ¢´ ¬³¬ÈçÆĞ ¥³Ì¥³Ì²È ¬³Ùäˆ äŒ¡·Û«¸ ¬ÈÙìÁİ²³«¹Ü¥³. ¨´•Œ¦·ëÁÌ ±ÈéŠù¼ ²¹Ğò¼ÌëÆĞ åŒÈ¨¹ ëÅÉ®¸çÆĞ ¥·æÆØ«·Ü¥³. \n ¢´ ¬³¬ÈçÆĞ ˜Œ¥³æÆØëŒ¨¹ ¨³ª³¬È²³Øò¼ æ»İªÈ«¸ ©¹Ìÿ¼çÆĞ åŒÈ¡È ªÈ¬³É²´Ü¥³. ¢´ ¬³¬ÈåÆÌ ¡¹É¦¹Ğ²È ª³¬·İ²³äˆ ªÈâ«·²´Ü¬È¨³Ì ©¹Ìÿ¼çÆĞ æ»Ù¡ÈùÄ²´ª·åÆÌ “È«³ÛæÆĞùÇ «¸¢·¬ÈçÆĞ ª³ëÀİ²³Ğ ±ÈĞë‰¡³ «ÈÜ«·Ü¥³. \n ¢³åÆÌ ¬ÈÙìÁİëÆĞ ë‹¬È²³¨¹ «ÈÙêÁĞëÆĞ ´èÁĞ«·Ü¥³. ¨³®ÈØ¢´ , ¢³åÆÌ ¡³İ¦¹Ğ²³Ì ªÈ¡³ÌëÆĞ éˆ¢´¨¹ ¬·İ«´ÉëÆĞ ª³¬·İ²³«¹Üäˆ ¢´¡³ ©³¦³åÆÌ¥´çˆ «ÈçŠ«·¬¹Ü¥³. \n ¢´ ¬·İ«´É«¸ ©·Ø©·É«Èô¿Ì ¬³¬ÈçÆĞ ©³¦³éˆ¨¹ «·Ğ¨³¢³ ¨ÈÌ¡³Ø²´¬¹ÜåÆÌ¬È è»ØëÆĞ ‘·Ğ«·Ü¥³.;;;;;;;;;;;;;x
DWLilith170.1;The lust of men is so fascinating. The motivation behind their actions is so clear as I've learned that my cock often has a mind of its own. \n  As it happens though, I've become bored with the current size of my cock. Luckily the ability to manipulate my body shape can help me solve this issue. \n  I stroke my cock, enjoying the sensation as it hardens. Feeling the skin pull tight, and appreciating veins that bulge and push up against my skin. My cock twitches, signalling it's desire to be entombed in flesh. \n  I focus on stroking my cock, massaging it and at the same time willing its change. The sensation is intense, as my balls desire to empty their contents, yet I take the energy within the seed to help power the transformation. \n  I feel the flesh of my cock become malleable, and I focus my strokes towards giving me the size I desire. It's difficult as I must focus and cannot cum until the desired size is obtained. I'm panting and I barely register the drool escape my mouth as I furiously stroke and shape my cock.  \n  Finally, I'm satisfied with the results so I give in, letting out a long moan as I pump my newly sized cock, sending streams out to splash unceremoniously on the floor.;;;;;;;;;;;;;x
DWLilith170A;¢³åÆÌ ù¼Ì¬·Ì ¬³ÉëÆÌ äˆ†ŠçÆĞ ùÂÌ²´, ù¾¢µ²³¨¹Ì, äŒ¡·ĞùÂÌ²³¢È³!;;;;;;;;;;;;;x
DWLilith170B;¢³åÆÌ é»É¬³Ù²³¡¸ ª³åÆÌ¡¸ ªÈ×¡È«¸ ¬³ÉëÆÌ ¬³¬ÈçÆĞ ¨³ÌæÆĞ«·Ü¬È.;;;;;;;;;;;;;x
DWLilith170C;±¹İäÅÌ¬·ÉëÆÌ ¬³¬È«¸ ¨³Ìì»É²´;;;;;;;;;;;;;x
DWLilith170D;¥³ëÆØ ë»Ùª¹Ì ±¸«È¬ÈçÆĞ é»Ì¥³;;;;;;;;;;;;;x
DWLilith171A;¢³åÆÌ ¢³ØæÆĞ«¸¡¸ ¬³¦³İ²³Ğ¨³ÌîÆØ îÆÌ ¬³¬ÈçÆĞ ¨³ÌæÆĞ¡·«µ.;;;;;;;;;;;;;x
DWLilith171B;¢´ ¡ºÿ¿ÉëÆÌ èˆæÆÌ äŠ¨·İæÆĞëÆĞ –Á×«·©·¦ÈåÆÌ¡·¬È.;;;;;;;;;;;;;x
DWLilith171C;¢´ ¨³Ğ ¬³¬ÈùÇ ±ÈÛìÁĞëÆĞ åŒÈ¨¹ åŒÈĞ¡·«µ.;;;;;;;;;;;;;x
DWLilith171D;«È¬·Ì ë»Ùª¹Ì ±¸«È¬ÈçÆĞ é»Ì¥³;;;;;;;;;;;;;x
DWLilith172;¢´ è»ØëÆĞ ìˆ¬³É²³åÆÌ åÆİ¦¹ÉëÆÌ ¨´ëŠ ¨´¦¹É¬·É«È«¹Ü¥³. ¢´ ¡³êÆØëÆĞ ¥³Ì¥³Ì²È éŠ«¹¬³Ùäˆ éŠæŒ¦·Ù¡¸ «·çŠ¨³Ì¬¹ìŠ«·Ü¥³. ¢³åÆÌ «È ²´İæ»İ«¸ ¬ÈÙìÁİ²³«¹Ü¥³.  \ n  ¢´ ëÅÉ®¸çÆĞ ¨³ª³¬È²³¨¹ æ»İªÈ«¸ ©¹Ìÿ¼çÆĞ «ÈĞëŒ¯È¡È ªÈ¬³É²³«¹Ü¥³. ¡³Ø¡³É«È ¡¹É¦¹Ğ²´¬Èäˆ ¬³äÁİ«¸ ¬³äÆÉ«È ù¼Ü¥³. ¢´ ©¹Ìÿ¼çÆĞ æ»Ù¡ÈùÄ²´ ¢´ è»Ø«³ÌùÇ «¸¢·¬ÈæÆĞëÆĞ ª³ëÀİ²³¡È ªÈ¬³É²³«¹Ü¥³.  \ n  ¢³åÆÌ ¬ÈÙìÁİ¦¹ÉëÆĞ ë‹¬È²³¡È ùÄ²´ åˆ¦¹É²³¨¹ «ÈÙêÁĞëÆĞ ´èÁĞ«·Ü¥³.  ¨³®ÈØ¢´, ¢´¡³ ©³¦³åÆÌ ¥´çˆ «ÈçŠ«·¬¹Üäˆ ¢´ ¬³äÁİ«³Ì«¸ª·åÆÌ ¡¹É¦¹Ğ²³Ì ¬³äÆÉæÆĞ«È ğ»É©³Ğ²³åÆÌæÆÛ²´Ü¥³. ¢´ ¡³êÆØ«È «·Ğ¨³¢³ ¨ÈÌ¡³Ø²³Ì¬È ¢³åÆÌ ²³Ìæ»İ«³Ì è»Ø«È ‘·Ğ¦ÈåÆÌ¡·ÛëÆĞ åŒ¹Ü¥³. ;;;;;;;;;;;;;x
DWLilith172A;¢³åÆÌ «³¬ÈÉ ¨Èª·İêÁÉ²³Ì «·¦ÈÌ êˆ¢¹®·¦·Ø ¬³Éäˆ òÄ«¹Ù¡¸ éˆ«Èäˆ ªÈâ¥³.;;;;;;;;;;;;;x
DWLilith172B;¢³åÆÌ ¬³ÉëÆÌ ¡³êÆØëÆĞ ùÂÌ²´. «·‘·Ì äŠñ»Ì¬³æÆĞëÆÌ äŒ¡·ÛæÆĞëÆĞ ì»ã«³²³¬È.;;;;;;;;;;;;;x
DWLilith172C;¢´ è»ØëÆĞ ì»Ø ¥· ®´ëŠäˆ ªÈâ¬È¨³Ì ¢·èŠ îŒ¡¸åÆÌ ªÈ×«·.;;;;;;;;;;;;;x
DWLilith172D;¥³ëÆØ ë»Ùª¹Ì ±¸«È¬ÈçÆĞ é»Ì¥³.;;;;;;;;;;;;;x
DWLilith173A;¢³åÆÌ èˆæŠ¡³ ¢´ è»ØëÆĞ éˆ¡ÈĞ ùÂÌ²´.;;;;;;;;;;;;;x
DWLilith173B;¢´ ¡³êÆØ«È ë»ÛëÆĞ ©È¬ÈÙäˆ ¢³ëˆ¡ÈĞ ùÂÌ²´.;;;;;;;;;;;;;x
DWLilith173C;¢´¡³ ¥· «Èª³İ ¢´ ©³ĞëÆĞ é»ĞêŠ «·ÚëÆĞ¬·İæˆçˆ îÆÌ¡·Ğ ùÂÌ²´.;;;;;;;;;;;;;x
DWLilith173D;«È¬·Ì ë»Ùª¹Ì ±¸«È¬ÈçÆĞ é»Ì¥³.;;;;;;;;;;;;;x
DWLilith5003;ëˆ, ¢³åÆÌ æ»ÉªÈĞ²³Ì ªÈÌ¬³çÆĞ ë‹ñ»É²³¡Èçˆ ²³«¹Ü¥³. «·Ğ¨³¢³ ¬³Ø¬´¬·É ±³¬³İ«È «ÈĞ«·¢³Ğ¬È. ñÆØ. êŒ¯´ÌæÆĞ«È «ÈĞ«·¢³ ±³¬³İëÆĞ éÁĞ¦·«ÈĞëŒ¯È¡·¢³ ôÄçˆ èÁĞ¦·¢³ ¥³ªÈ ²³Ì©·Ì ª´İ¡³É²´é»Ğ‘´«¹Ü¥³.;;;;;;;;;;;;;x
DWLilith5003A;ëˆ, ¢³åÆÌ ù¼Ì¬·Ì²È «È¡·Ğ ùÂÌ²´ [target_seduced.GetFirstName] çÆĞ ¢´¡·Ğçˆ ¨³ÌæÆĞ¡·«µ.;;;;;;;;;;;;;x
DWLilith5003B;¢³åÆÌ äŒ¨³ÌæÁĞ¦´, [target_seduced.GetFirstName] åÆÌ ¡³®È¡³ «·Ú«·. ;;;;;;;;;;;;;x
DWLilith5000;¢³åÆÌ [target_seduced.GetBestName] çÆĞ ë‹ñ»É²³¡Èçˆ ²³«¹Ü¥³. «³èŠæˆ ¢³ùÇ ¡ºÿ¿ÉëÆĞ «³Ğ¬È è»Û²³Ğ¡·Û«È¥³. ¢³ùÇ ¯ÈêŒçÆĞ ©³Ïäˆ ë‹ñ»É«¸ ¢·Ø«·¡³ª· ¢´ «´«ÈÌëŒçˆ èÁÊ«·æŠåÆÌ ¡·ÛëÆĞ ¨³Ğ«È¥³. ëˆ ¢³åÆÌ «È ¬³ÉëÆÌ ¡¸«ÈØëÆĞ ¬·İ¨³Ğ ìÆĞ¡È¬È.;;;;;;;;;;;;;x
DWLilith5000A;[target_seduced.GetFirstName] åÆÌ «È¬¸ ¢´¡·«µ.;;;;;;;;;;;;;x
DWLilith5001;[target_seduced.GetBestName] «¸¡¸ ª´çˆëÁÌ ìÆĞ¡·ëÁØ«¸ åÁÌëÆĞ –Œ¡¸ ²³Ğ¡·Û«È¥³. äŒ¦·äˆª· ¢³ùÇ •»ÉæŠ¡³ªÈçˆ ¨³ÌæÆĞ«· íÁØëÆĞ †Š¡¸ ²³Ğ¡·Û«È¥³. ¢´ ë‹ñ»ÉùÇ ¯ÈêŒçÆĞ «ÈëÀİ²´ ª´çˆëÁÌ ¡ºÿ¿ÉëÆĞ ªÈĞ²´İ²³Ğ‘´«¹Ü¥³. \n ¢´ ¬³ÉëÆÌ ¡¸«ÈØëÆĞ ìÆĞ¡ÈĞ‘´¥³.;;;;;;;;;;;;;x
DWLilith5001A;[target_seduced.GetFirstName] ëÆÌ ¢´¡·Û«È ô¿«·«µ¨³Ì ô¾.;;;;;;;;;;;;;x
DWLilith5017;I'm a prisoner. Either actually rotting away in some other ruler's cell or wasting away in my own useless body (prisoner or incapable). I think briefly of [target_seduced.GetBestName], and all of the progress that will now have gone to waste, for I must start over with my seduction attempt should I ever obtain my freedom.;;;;;;;;;;;;;x
DWLilith5017A;If I could only be free once more.;;;;;;;;;;;;;x
DWLilith5014;While the game of seduction can be entertaining, sometimes things take place that make the game irrelevant. In this case, I've obtained the object of my desire. With [target_seduced.GetBestName] now mine, it is time to drop the game of seduction so I can turn my eyes towards another should I wish it.;;;;;;;;;;;;;x
DWLilith5014A;I look forward to my time with [target_seduced.GetFirstName].;;;;;;;;;;;;;x
DWLilith5011;I find myself recalling both my experiences with [target_seduced.GetBestName] and thinking of what will never come to pass. With the death of [target_seduced.GetFirstName] I am free from the game I was engaged in, and am now capable of directing my attentions to others should I so wish.;;;;;;;;;;;;;x
DWLilith5011A;Too bad [target_seduced.GetFirstName] passed before I finished what I had planned.;;;;;;;;;;;;;x
DWLilith5012;I've learned that [target_seduced.GetBestName] is no longer eligible for my continued advances. It is such a shame, as I was enjoying the game. Alas, be it physical imprisonment in some walled cell, or screaming internally as one's mind becomes a prisoner within their own failing body, neither are conducive towards the game of seduction. Alas, while [target_seduced.GetFirstName] isn't free, at least I am, so I can now consider pursuing another.;;;;;;;;;;;;;x
DWLilith5012A;May [target_seduced.GetFirstName] be free some day.;;;;;;;;;;;;;x
DWLilith5203;Bah. [target_seduced.GetFirstName] is playing hard to get. Apparently my letter was not well received. \n The only question left is do I push forward or let this go?;;;;;;;;;;;;;x
DWLilith5203A;Continue the pursuit!;;;;;;;;;;;;;x
DWLilith5203B;End this waste of time.;;;;;;;;;;;;;x
DWLilith5202;My sources indicate that [target_seduced.GetFirstName] did indeed receive my letter. What is their intention by not giving me a response? Are they playing coy, or simply hoping I waste time pursuing them further? \n What shall I do?;;;;;;;;;;;;;x
DWLilith5202A;Continue the pursuit!;;;;;;;;;;;;;x
DWLilith5202B;End this waste of time.;;;;;;;;;;;;;x
DWLilith5201;Oh ho! [target_seduced.GetFirstName] appreciates the letter and even went so far as being flirtatious in their response. Things are progressing well. \n Of course, I could just end this game if I so desire.;;;;;;;;;;;;;x
DWLilith5201A;Continue the pursuit, as it's nearing an end!;;;;;;;;;;;;;x
DWLilith5201B;My desires have waned, let me end this.;;;;;;;;;;;;;x
DWLilith5200;ª¸ª³İ«¸¢³! [target_seducer.GetFirstName] «¸¡¸ª· «¹Ì«´±¹Ì¬ÈçÆĞ ©³Ï«³ÜêÆÙ¢È¥³. ëˆ, «È¦·Ì ¢³ù¼ ²³Ø¸ ëÆØ¦³Ì²³Ì ¡·ÛæÆĞëÆĞ ²³äˆ ªÈâ«·²³Ì¥³åÆÌ ¢´ëÀİæÆĞ«È¢¸ë‰. ¢´ ¨³ëÆØ«È ìˆäÆØ ñÆÌæÆĞ¦È¡ÈÌ ²³¬È¨³Ì «·‘·ã¡¸ ²´«µ²³Ğ³ë‰?;;;;;;;;;;;;;x
DWLilith5200A;¢³åÆÌ äŒ ¥³Ì«·æÆĞò¼ äŒ¦ÈØæÆĞ«È ¢´ ¨³ëÆØëÆĞ ëÁØ¬ÈÉ«ÈÌ¥³åÆÌ¡·ÛëÆĞ «ÈÌ¬·İ²³Ì¥³.;;;;;;;;;;;;;x
DWLilith5200B;¢³åÆÌ «È «·¦Èª·ÉëÆÌ¬ÈÛ«¸ ªÈ¡³ÌëÆĞ ²³Ğ«´²³¬È «³ÎëÆĞ¡·Û«È¥³.;;;;;;;;;;;;;x
DWLilith5200C;«·‘·ã¡¸ «È‘³Ì äÆĞæÆĞëÆĞ éˆ¢´ĞêŠ«ÈÜåÆÌ¡·¬È!;;;;;;;;;;;;;x
DWLilith5200G;¢³åÆÌ «È ±¹Ì¬È«¸ ¥´²³Ì ¡·éŠ©³ÌëÆİùÇ ±¹Ì¬ÈçÆĞ éˆ¢´Ì¥³.;;;;;;;;;;;;;x
DWLilith5030;I believe things will progress a bit better with a little push. The only question is what is the best method to employ in winning them over.;;;;;;;;;;;;;x
DWLilith5030A;A love letter will sway them.;;;;;;;;;;;;;x
DWLilith5015;¢³åÆÌ «·Ğ¨³¢³ ¥· ëˆ¦´ ¡È¥³¦¹«µ ²³åÆÌ¡³? [target_seduced.GetFirstName] çÆĞ ¨³Ì¢³¡È ùÄ²³Ì ¢´ ªÈ¡³Ì«¸ ¥´²´ ùÇèÁÌ«È æÆĞ¡È ªÈ¬³É²´Ü¥³.;;;;;;;;;;;;;x
DWLilith5015A;¢³åÆÌ «ÈÌ¢´ªÈØëÆĞ ¡³¬Èäˆ ¡È¥³¦¹«µ²³Ì¥³.;;;;;;;;;;;;;x
DWLilith5015B;²³, ¢³åÆÌ «È¡·Ğ •Æá¢´äˆ ¥³çÆÌ ¨·É«ÈÛ¡³ØëÆĞ ®³Ş«³«µ¡¸Ü«·.;;;;;;;;;;;;;x
DWLilith5020;[target_seduced.GetFirstName] åÆÌ ª³¦³İëÆĞ ¢³åŠåÆÌ «ÈĞ ‘³ùÄåÆÌ ªÈ¡³Ì ¢³İ©È«¸ éÁĞò¼²³¥³åÆÌ ¡·Û«¸ è»ÛëÆĞ ©³É«³ÜêÆÙ¢È¥³. äŒçˆ«ÈÌ²´ ¢³åÆÌ «µÉ¡³ÌùÇ êŠ®ÈªÈØëÆĞ åŒ¹ÜêÆÙ¢È¥³.;;;;;;;;;;;;;x
DWLilith5020A;¬·É«·æˆ «È¬¸ ¥³çÆÌ ä»Û«¸ ¬ÈÙìÁİ²³ĞêŠ «ÈÜ¡¸Ü¬È.;;;;;;;;;;;;;x
DWLilith5005;I've set my eyes on [target_seduced.GetBestName] and I shall have them dancing like a puppet on my strings. Of course, the age gap between us may raise some eyebrows. \n  Of course, if I do pursue them, I plan on sharing my Kiss of Seduction with them when the time is right. And when I do, they'll be bound to me as my lover. \n  Oh how I enjoy a little game.;;;;;;;;;;;;;x
DWLilithDoh;Doh! I shouldn't be targeting the player!;;;;;;;;;;;;;x
DWLilith180;¦ÈĞ¦ÈêŒùÇ ²ÈØëÆĞ ©ÈĞ«· äŒ ©³éˆ¡³áëÆÌ ª´İèÁĞëÆĞ ®·©·Ğ²³¡Èçˆ ²³«¹Ü¥³. ¢´ ª·Ì°´É¬ÈåÆÌ ¥³«µİ²´Ü¥³. ğ‰¬·ÉùÇ ±ºçÆĞ “·É«·æÆĞ«·¡³¡¸ ²´ª· ª´İ¨¹İëÆĞ ùÄ²¹Ù²³¡·¢³ äŒæÆĞùÇ ²¹Ğì»ÉæÆĞëÆĞ ¨´æ»É«¸ ¡·Ğ¦¹ ¬·Ì«¹ØªÈ¯È¡·¢³ ¬·İª³İ¬·É«ÈÌ ª´İÿ¼ĞëÆĞ è»Û²³æˆç»É èÁÌæÁİ«Èçˆ ¨³ÌæÆĞêŠæˆ «ÈÜ«·Ü¥³. ¢´¡³ ¨³Ì«µÉ íÁİéÁÌ²³Ì «¸¢·¬È(ªÈÌ«³İªÈØ 250) çÆĞ ¡³¬Èäˆ «ÈÜ¥³¨¹Ì «ÈçÆĞ «ÈëÀİ²³«¹ ¦ÈĞ¦ÈêŒùÇ ¡³¬³İ ±³ò¿¬·É«ÈÌ ²ÈØ«ÈÌ ñÆÉª³©¹İëÆĞ ¬·Ì«¹ØªÈ¯ÈĞêŠæˆ «ÈÜ«·Ü¥³.;;;;;;;;;;;;;x
DWLilith180A;ùÄ²·Ø²³äˆ ª·İ¡³ªÈÌ ¡È®ÈØëÆĞ «ÈëÀİ²³¡¸Ü¥³! (±º¦¹Ø);;;;;;;;;;;;;x
DWLilith180B;êŠæŠåÆÌ äŒæÆĞùÇ ª·İò¼Ì¡ºçÆĞ ²ÈØæÆĞ¡¸ ²³¬È! (¨´æ»É);;;;;;;;;;;;;x
DWLilith180C;èˆæŠ¡³ äŒæÆĞëÆĞ ±È²³Ğ¡·Û«È¥³ ¢³©¹İÿ¼Ì¬³çÆĞ ì»ã«³²³Ğ¦È «·Ú¬È! (èÁÌæÁİ©¹İ);;;;;;;;;;;;;x
DWLilith180D;¢³åÆÌ «¹É©¹İùÇ ëÁÌ©³Ì¬³çÆĞ êˆÿ¼Ì²³Ğ¡·Û«È¥³! (ñÆÉª³©¹İ);;;;;;;;;;;;;x
DWLilith1030C;ÿÇª´İëÆÌ «È¬¸ ù¼Ìç‰ô¿«·Üäˆ íÁÉ¬¸çÆĞ ìÆĞ¡ÈĞªÈ¡³Ì«È¥³.;;;;;;;;;;;;;x
DWLilith190;TO DO - Flavor Text;;;;;;;;;;;;;x
DWLilith190A;¢³åÆÌ [dw_spell_target.GetBestName] ¡³ éÁĞ¨¹Ğ¬³¡³ ô¿Ì ¡·ÛëÆĞ íÁÉ²³²´ìŠ«·Ü¥³.;;;;;;;;;;;;;x
DWLilith190B;ëˆ, ¬³ØªÈ ¥³ªÈ ª´İ¡³É²´éˆ¢È ±ÈĞ¨¹Ğ¬³çˆ ¢³Ø«³«ÈÜåÆÌ¡¸ ì»ãëÆĞ¡· ¡³á«³.;;;;;;;;;;;;;x
DWLilith1170;²³Ì¢³ŞùÇ ªÈÉª³ æ»İ«³Ì, ¢³åÆÌ äŒæÆĞ«È ®³Øª·É²³¨¹Ìª· ñÁĞçÀİ²³Ì ªÈÉª³çÆĞ ìÆĞ¡È¡ÈçÆĞ ©³¦´Ü¥³. äŒ¦´ª· ¢³åÆÌ ¬·ÌªÈ «ºêÁĞ ä»İ«¹ÌëÆĞ ¬·ÌèÁÌ¬·ÉëŒçˆ ¥³çŠåÆÌ «ºêÁĞ¡³çÆĞ éÁĞ¦·Üäˆ äŒ «ºêÁĞ¡³åÆÌ ªÈÉª³çÆĞ ²³åÆÌ ª³¦³ØæÆĞ «³â«¸ «³çÆØ¥³ëÁÌ ìˆêŠçÆĞ ¥¸¦Èäˆ ¢³ù¼Ü¥³. äŒ¦·Ì ¥³ëÆØ äŒ «ºêÁĞ¡³åÆÌ äŒ «·¦ÈÌ «³¡³“ÈçÆĞ ïÆÉêŠ²³Ì «È¬¸Ğ ùÄçˆ æÆĞ«·ë»Ğ¦¹Ü¥³. äŒ¢¹åÆÌ èˆæÆÌ ª³¦³ØùÇ ªÈª·ÌëÆĞ ª³çˆ¬³Ù«³Üäˆ äŒ¢¹ùÇ «·ĞäÁĞëÆÌ éÁÑ¡¸ èÁĞæÆĞ«·Ü¥³. äŒ¦·Ì¥³ëÆØ «ºêÁĞ¡³åÆÌ äŒ¢¹ùÇ ë»ÛæÆĞëÆĞ ©·Û¡È¡È ªÈ¬³É²´Ü¥³. äŒ¢¹ùÇ ë»ÛëÆĞ ¥³ ©·Û¡Èäˆ ¢³¬³ «ºêÁĞ¡³åÆÌ ¨¹Ìæˆ¢³ĞëÆĞ ëŠ¦È«¸¡¸ éˆ«¹ìŠ«·Ü¥³. [dw_blood_moon_art_aficionado.GetFirstName] ëÆÌ «È¬¸Ğ«¸ «ÈÜåÆÌ äŒ ª³İ°´¨³ÌëŒçˆæˆ íÁİéÁÌ²È ¬³ªÈÌùÇ ª·İ¡È¡³ ¬·ŞëÆĞ ¬·İæˆ¦³äˆ ¨³Ğ²³«¹Ü¥³. äŒ¦·¢³ «ºêÁĞ¡³åÆÌ ¬·ÒëÆÌ «¹ª·İùÇ «ÈÙ«¸ª· ªÈÌëÆØêˆ¦È¡³ ¢³ë»Ğ¬·İæˆçˆ ¨¹Ìæˆ¢³ĞëÆĞ ¡³¬¹¥³ ¥´Üäˆ äŒ¢¹åÆÌ ±ÈçÆĞ ñÆĞ¦¹Ü¥³. äŒ¦·Ì ²´İæ»İ«È ¨¹ßéÁÌ¡³Ì ©³Ìé»Éô¿«·Üäˆ «ºêÁĞ¡³åÆÌ ¡¹ĞäÁÉ«¸ äŒ¢¹çÆĞ ¬·Ğ¬·İ«¸ «ÈçŒ¡¸ ³¬È ²³«¹Ü¥³. [dw_blood_moon_art_aficionado.GetFirstName] åÆÌ äŒ èˆêÆÙëÆĞ éˆäˆ¢³ª· ¡È¦ÈÙ ©³ÉêŠçÆĞ ®ÈĞ êŠ ©³Ï¡¸ «·Ú«·Ü¥³.;;;;;;;;;;;;;x
DWLilith1170A;[dw_blood_moon_art_aficionado.GetFirstName] ¡³ «ºêÁĞ«¸ ¥´²³Ì ¢³ùÇ ùÇ¡¹Ì«¸ æ»İùÇ²´ª· ¡³Øª³²³äÁÌ.;;;;;;;;;;;;;x
DWLilith200.0;¢´ ²¹İ°´çÆĞ ©³•ŠåÆÌ åÆİ¦¹ÉëÆĞ «ÈëÀİ²´ª· ¥³ÌêÁÌ²³Ì ª³İ®·ù¼ ¬ÈĞ©¹İæÆĞëÆĞ ®Èç‰²³ĞêŠ «ÈÜ¡¸ô¿«·Ü¥³. ¢´ è»ØùÇ ¬ÈĞ©¹İæÆĞëÆĞ ©³çˆ¬³Ù¡È ùÄ²´ª·åÆÌ ¢´ «¸¢·¬ÈçÆĞ êˆèˆ²³äˆ ¬ÈÙìÁİ²³Ğ ±ÈĞë‰¡³ «ÈÜ«·Ü¥³. ¢´ «¸¢·¬È¡³ ¢´ è»Ø«¸ ‡ŒçŒ¨¹ 1ªÈ¡³Ì ‡Š ¬¸¡·ô¿Ì ¡·ÛëÆĞ åŒ¹Ü¥³. ¢³åÆÌ ¡ÈâëÆÌ êÁØëÆĞ æÆĞ«È¨³ªÈ¨¹ ùÇªÈÉëÆÌ •Æá¢³Ü¥³.;;;;;;;;;;;;;x
DWLilith200A;«·¨·¢È ¦ÈĞ¦ÈêŒçÆĞ ®³Ì«µİ²³¦³.;;;;;;;;;;;;;x
DWLilith210.0;¢´ è»ØëÆĞ ©¹Ìÿ¼ªÈ¯ÈåÆÌ åÆİ¦¹ÉæÆĞ«È ²µİª³İô¿Ø«¸ ‘³¦³ ¢³åÆÌ è»ØùÇ ¬ÈĞ©¹İæÆĞëÆĞ ®Èë‹ ²³ĞêŠ «ÈÜåÆÌ åÆİ¦¹ÉëÆĞ ª³ëÀİ²³ĞêŠ «ÈÜ«·Ü¥³. «È¬¸ ¨¹ß¡³¬È ¬ÈĞ©¹İæÆĞëÆĞ ¬¸¡·²³äˆ ªÈØ¡³É²³Ì ª³İ®·æÆĞëÆĞ ®Èë‹²³«¹Ü¥³. ¢´ è»ØùÇ ¬ÈĞ©¹İæÆĞëÆĞ ìÆÉ¡³É¬·ÉëŒçˆ «·Ú«´åÆÌ¡·ÛëÆÌ ¢´ «¸¢·¬ÈçÆĞ ¬ÈÙìÁİ²´«µ ²´Ü¥³. 1ªÈ¡³Ì‡Š ¢³åÆÌ ¡ÈâëÆÌ êÁØëÆĞ øÄ¨¹ ùÇªÈÉëÆĞ •Æá¢´Ü¥³.;;;;;;;;;;;;;x
DWLilith210A;«·¨·¢È ¦ÈĞ¦ÈêŒçÆĞ ®³Ì«µİ²³Ù¢È¥³.;;;;;;;;;;;;;x
DWLilith220.0;¢³åÆÌ ¬³¬ÈçÆĞ ¡³¬Èäˆ ªÈâ«·Ü¥³. äŒ¡·ÛëÆĞ ¡³¬ÈÌ¥³¨¹Ì ëŠ¦È¡³ ª³Ğäˆ «ÈÜåÆÌ ª¸ª³İ«¸ª· ª´çˆëÁÌ ìÆĞ¡·ëÁØëÆĞ ¨³Ûé»ĞêŠ «ÈÜëÆĞ¡· ¡³á«³Ü¥³. ¢³åÆÌ åÆİ¦¹ÉëÆĞ ©³ĞÿÄ²³¨¹ ¬ÈÙìÁİ²³«¹Ü¥³.\n ¢´ è»ØëÆĞ ¬´äŠíÁÉ²³¡È ùÄ²´ ¨´İè»É¬·ÉëŒçˆ ëˆçŒ¡³êÆØëÆĞ åŒÈ¦¹ ²³«¹Ü¥³. ’³çŒ¡¸ ¢³åÆÌ ²·Ğ‘·É«¹Üäˆ ¢´ ëÆØéŠ«¸ «¸¢·¬ÈçÆĞ ˜»Ï«³Ü¥³. \n ¢´ îÆĞ¦ÈêŒïˆçŒåÆÌ ¬·Ø¬·Ø ¥· ¨ÈÌ¡³Ø²´¬Èäˆ ¯·¬¹¡³Ü¥³. äŒ ìÆĞ¡·ëÁØëÆĞ åŒÈ¨¹ ¬³äÆÉëÆÌ ¥·ëÁÉ¥· ¡³İ²´¬¹Ü¥³. ¡¹ĞäÁÉ ¬³ÉëÆÌ ¬³¬È®·¦·Ø éˆ«È¡È ªÈ¬³É²´Üäˆ ¢³åÆÌ äŒ¡·ÛëÆĞ ©³¦³éˆ«³Ü¥³. \n ¢´ ª´çˆëÁÌ ¬³¬ÈçÆĞ ¬³Ù«³ ¥³İ¡È¨¹ ëÁØ¬ÈÉ«¹Ü¥³. «¸¢·¬ÈçÆĞ ìŠ«ÈÙ²³¨¹Ìª· ¬ÈÙìÁİ²³«¹Üäˆ ¢´ ¬ÈÙìÁİ¦¹É«¸ ¥³¦³ äŒ îŒ¯ÈåÆÌ ¡¹Ğ¬·İô¿Ğ¡·Û¨³Ì ¡³á«³Ü¥³.;;;;;;;;;;;;;x 
DWLilith220.1;I'm considering an end to my time as a futanari. Having a cock definitely has its advantages, yet there are inconvenient times when it seems to have a mind of its own. \n  As I'm stroking my cock, I can feel the path towards purging the growth from my body. I simply need to link the flesh of my cock to the essence of the seed which is accumulating within my balls. So as I milk my cock and spray my seed, so to shall I whittle away at my rod. \n  Knowing the task at hand, I get to work. Fighting to maintain my focus as waves of pleasure wash over me. I stroke, rub, squeeze and slap my cock until I reach my first intensive orgasm, with thick white gobs of semen spraying forth. \n  My head swims from the sensation. I have to shake it off and continue on until my cock is gone... or I could always just keep it and enjoy these sensations...;;;;;;;;;;;;;x
DWLilith220A;¢´ ¬³¬ÈçÆĞ ¨³ëÆØ·Û ìÆĞ¡¹«µ¬È.;;;;;;;;;;;;;x
DWLilith220B;I'm all woman once more.;;;;;;;;;;;;;x
DWLilith220C;¢³åÆÌ ¨³ëÆØëÆĞ ©³šÂÜ«· äŒ¢µİ «È¥´çˆ ¢³Ø«³«µ¬È.;;;;;;;;;;;;;x
dw_the_chosen_of_lilith;¦ÈĞ¦ÈêŒùÇ †Šì»İ¬³;;;;;;;;;;;;;x
dw_the_chosen_of_lilith_desc;¦ÈĞ¦ÈêŒùÇ †Šì»İ¬³åÆÌ «³¥³ØùÇ ®·Û©·Ì”´ «³¢´«ÈÌ ¦ÈĞ¦ÈêŒçÆĞ êÁİ©´²³åÆÌ ì»İ±³çˆª· ²³¢³¢ÈØëÆĞ ¡·éŠ²³Ù¢È¥³. äŒ¢¹åÆÌ ®·Û©·Ì”´ ª·î‹©·êŒù¼ «ÈÌî‹©·êŒùÇ «·¨·¢È«È¨¹, äŒ¢¹ùÇ ¬³ê»ÌæÆĞ«È ª¸¡ºçÆĞ ¬·İé»É²³¨¹ çŠªÈ±·ù¼ ¢³¦³Ì²È «ÈÜäˆ¬³ ²³Ù¢È¥³.;;;;;;;;;;;;;x
dw_the_chosen_of_lilith_leader_desc;«·ª¸Ì¥·ÌïŒåÆÌ «·¨·¢È ¦ÈĞ¦ÈêŒ¡³ «ÈÌ¬·İ²³Ì ²¹ĞëÅÉ«ÈÙ¢È¥³.;;;;;;;;;;;;;x
dw_the_chosen_of_lilith_rank_1_male;åˆ«º;;;;;;;;;;;;;x
dw_the_chosen_of_lilith_rank_2_male;«´ù¼ÌëÀİ;;;;;;;;;;;;;x
dw_the_chosen_of_lilith_rank_3_male;«¹Ì«ÈÌ;;;;;;;;;;;;;x
dw_the_chosen_of_lilith_rank_4_male;ìŠ«ÈÌ;;;;;;;;;;;;;x
dw_the_chosen_of_lilith_rank_1_female;åˆ«º;;;;;;;;;;;;;x
dw_the_chosen_of_lilith_rank_2_female;«´ù¼ÌëÀİ;;;;;;;;;;;;;x
dw_the_chosen_of_lilith_rank_3_female;«¹Ì«ÈÌ;;;;;;;;;;;;;x
dw_the_chosen_of_lilith_rank_4_female;«¹ù¼İ;;;;;;;;;;;;;x
#### Rough text length for using narrative events ###############################################################################################################################################################################################################################################################################################################################################################################################################################################################################################################################################################################################################################################################################################################################################################################################################################