rape_court_lady;äŒ¢¹çÆĞ ¡³İ¡³Ì²³Ì¥³;;;;;;;;;;;;;x
rape_court_lady_desc;¥³İªÈÌëÆÌ äŒ¢¹çÆĞ ¡³İ¬¸çˆ ûÄ²³Ù¢È¥³.;;;;;;;;;;;;;x
opinion_raped_me;¢³çÆĞ ¡³İ¡³Ì²³¥³;;;;;;;;;;;;;x
opinion_almost_raped_me;¡·ùÇ ¡³İ¡³Ì¥³İ²³Ğ’·Ì ²´Ü«·;;;;;;;;;;;;;x
opinion_almost_raped_family;¡·ùÇ ¢´ ¡³ì»ÉëÆĞ ¡³İ¡³Ì²³Ğ’·Ì²´Ü«·;;;;;;;;;;;;;x
opinion_almost_raped_spouse;¡·ùÇ ¢´ ©´ëŠ¬³çÆĞ ¡³İ¡³Ì²³’·Ì²´Ü«·;;;;;;;;;;;;;x
opinion_raped_me2;¢³çÆĞ ¡³İ¡³Ì²³¥³;;;;;;;;;;;;;x
opinion_raped_family;¢´ ¡³ì»ÉëÆĞ ¡³İ¡³Ì²³¥³;;;;;;;;;;;;;x
opinion_raped_spouse;¢´ ©´ëŠ¬³çÆĞ ¡³İ¡³Ì²³¥³;;;;;;;;;;;;;x
opinion_raped_subject;¢´ ¬³èÁÌùÄùÂÌëÆĞ ¡³İ¡³Ì²³¥³;;;;;;;;;;;;;x
opinion_took_virginity_by_force;¢´ ®·¢¹çÆĞ ’´Û«³Û«³Ü¥³;;;;;;;;;;;;x
opinion_took_virginity;¢´ ®·¢¹çÆĞ ìŠ«·Ü¥³;;;;;;;;;;;;;x
opinion_took_family_members_virginity_by_force;¡³ì»ÉùÇ ®·¢¹ª·İëÆĞ ’´Û«³Û«³Ü¥³;;;;;;;;;;;;;x
opinion_rape_fight;Tried to force himself on me.;;;;;;;;;;;;;x
opinion_used_family_member;¢´ ¡³ì»ÉëÆĞ ë‹ñ»É²³¥³;;;;;;;;;;;;;x
opinion_used_spouse;¢´ ©´ëŠ¬³çÆĞ ë‹ñ»É²³¥³;;;;;;;;;;;;;x
opinion_refused_investigation_help;Refused to help find my rapist.;;;;;;;;;;;;;x
dwt_tyrant_rapist;Tyrannical liege who raped courtiers;;;;;;;;;;;;;x


raper_ruler;¥³Ì¬È ¢³çÆĞ ¡³İ¡³Ì²³¥³;;;;;;;;;;;;;x
raped_death;after being raped to death;;;;;;;;;;;;;x
male_rape_female_prisoner; ¡³İ¡³Ì [Root.GetTitledFirstName];;;;;;;;;;;;;x
male_rape_female_prisoner_desc;[Root.GetTitledFirstName] ëÆÌ ¥³İªÈÌùÇ ú¿êŠ«ÈÙ¢È¥³. - ¥³İªÈÌùÇ ¬·İëÀÉëÆĞ ²´¡¹Ğ²³¡ÈùÄ²´ äŒ¢¹çÆĞ ¡³İ¡³Ì²³Ğ êŠ «ÈÜêÆÙ¢È¥³.;;;;;;;;;;;;;x
male_rape_pregnantfemale_prisoner; ¡³İ¡³Ì [Root.GetTitledFirstName];;;;;;;;;;;;;x
male_rape_pregnantfemale_prisoner_desc;[Root.GetTitledFirstName] is your prisoner - if you lust her, you can plough her!;;;;;;;;;;;;;x
male_rape_male_prisoner; ¡³İ¡³Ì [Root.GetTitledFirstName];;;;;;;;;;;;;x
male_rape_male_prisoner_desc;[Root.GetTitledFirstName] is your prisoner - if you lust him, you can take his ass!;;;;;;;;;;;;;
female_rape_male_prisoner; ¡³İ¡³Ì [Root.GetTitledFirstName];;;;;;;;;;;;;x
female_rape_male_prisoner_desc;[Root.GetTitledFirstName] ëÆÌ ¥³İªÈÌùÇ ú¿êŠ«ÈÙ¢È¥³. - ìˆäÆØ ëÀÉªÈØëÆĞ ¢´¨¹Ì äŒçÆĞ °³Ğ êŠ «ÈÜëÆĞ¡·Ù¢È¥³!;;;;;;;;;;;;;x
pregnantfemale_rape_male_prisoner; ¡³İ¡³Ì [Root.GetTitledFirstName];;;;;;;;;;;;;x
pregnantfemale_rape_male_prisoner_desc;[Root.GetTitledFirstName] is your prisoner - if you lust himy, you can ride him!;;;;;;;;;;;;;x
female_rape_female_prisoner; ¡³İ¡³Ì [Root.GetTitledFirstName];;;;;;;;;;;;;x
female_rape_female_prisoner_desc;[Root.GetTitledFirstName] is your prisoner - if you lust her body, you can take her!;;;;;;;;;;;;;x

female_rapes_court_man; äŒçÆØ ¡³İ¡³Ì²³Ì¥³.;;;;;;;;;;;;;x
female_rapes_court_man_desc;¥³İªÈÌëÆÌ «³çÆØ¥³ëÁÌ ª¸ÉêŒåÆÌ ²³¬È «³ÎëÆĞ ¡·Û«ÈÙ¢È¥³ äŒçÆĞ åÁÙ²Èäˆ ¥³İªÈÌ¨³ÌùÇ ©³İ©·ÙëÆĞ ª³ëÀİ²³Ù¢È¥³.;;;;;;;;;;;;;x
female_fucks_court_man; äŒù¼ ²³Ø¸ ª¸ÉêŒ²³Ì¥³;;;;;;;;;;;;;x
female_fucks_court_man_desc;[Root.GetTitled FirstName]ù¼ ²³Ø¸ ìÆĞ¡·ëÁØëÆĞ åŠ¦Èäˆ ¬³ªÈÌùÇ êÁÉêˆçˆ è»Ğ¦´ äŒçÆĞ †ˆ¥´²´ å»Ğ¦³¡¸ ²³Ù¢È¥³.;;;;;;;;;;;;;x


dwt_set_rape_content;Enable or Disable Rape Content;;;;;;;;;;;;;x
dwt_set_rape_content_desc;This triggers an event to let you choose whether to enable or disable rape and related events/etc from the Dark World Extras mod.;;;;;;;;;;;;;x

DWE7desc;While non-consensual content is a factor in a number of events, decisions, and so forth in this game, you can disable those associated with the Dark World Extras mod for any reason if you want. Do you want to enable rape/etc content in this game?
Note that this decision will disappear after you make your selection, although you can choose again at any time by entering " event DWE.7 " in the console terminal window.;;;;;;;;;;;;;x
DWE7optA;Yes, enable rape/non-consensual content.;;;;;;;;;;;;;x
DWE7optB;No, disable any rape/non-consensual content.;;;;;;;;;;;;;x

t_cheat_favor;Get Favor;;;;;;;;;;;;;x
EVTDESCDWT.001;You order your guards to chain [From.GetTitledFirstName] to the rack, then send them away. She begs you to let her be, but you just smile ruefully as you walk behind her back.;;;;;;;;;;;;;x
EVTDESCDWT.002;Your cook have put some poppy milk in [From.GetTitledFirstName]'s soup. He sleeps, when you enter his cells, and is barely awake, when you use his mouth and peg him.;;;;;;;;;;;;;x
EVTDESCDWT.003;You stand proud and naked in [From.GetTitledFirstName]'s cell, he kneels before you, hand-tied. You explain him that he will suck you two orgasms, and then you will ride him two more - if he empties his seed prematurely, you'll cut his penis off. He throws curses at you, but down there he is hard as iron.;;;;;;;;;;;;;x
EVTDESCDWT.004;¥³İªÈÌëÆÌ[From.GetTitledFirstName] «¸¡¸ ¬³«¹ÌêŒ¦¸ ¨³ĞëÆĞ æÆĞëÆĞ¡·ÛëÆĞ ¡³İë‰²³«¹Ü¥³, äŒ¦·¢³ äŒ¢¹åÆÌ ¥³Ì‡ˆ²³¡¸ ¡·éŠ ²³«¹Üäˆ ¥³İªÈÌëÆÌ äŒ¢¹«¸¡¸ äˆèÁÌæˆäŠæÆĞëÆĞ éˆ«¹ìÁĞêŠ©³Ï¡¸ «·Ú«·Ü¥³. äŒ¡·ÛæÆĞ«È èŠ«·Û«¸ ˜ŒåÆÌëÀİæˆ«ÈÌ¬È ª·Ğ¨¹İ²³«¹Üäˆ «È¬¸ äŒ¢¹«¸¡¸ èŠçÆâëÆĞ •Á×äˆ ²³ÕëŒ¦³äˆ ¨³Ğ²³«¹Ü¥³....;;;;;;;;;;;;;x
EVTDESCDWT.011;Here is the hour you feared. You are chained to a rack, and [From.GetTitledFirstName] just have ripped of your frock. You struggle and beg and wheep, as you feel his rough hands on your bare bottom.;;;;;;;;;;;;;x
EVTDESCDWT.012;You spit on your cock, rub it against the hole of [From.GetFirstName], then with one powerful thrust you penetrate her. Her screams just make you do it faster.;;;;;;;;;;;;;x
EVTDESCDWT.013;With a final grunt [From.GetTitledFirstName] empties his ball in you, and after he withdraws, you feel his semens running down your legs. Later comes a maid, unchains you and helps you to clean yourself.;;;;;;;;;;;;;x
EVTDESCDWT.020;[From.GetTitledFirstName] has cought your attention for a while. As you have no intentions for a lengthy courtship, at sunset you summon her to your bedchamber. As she enters, you point to your bed. "Pull up your frock and lie on it, wench!" With tears in her eyes, she obeys. You crawl between her white legs and choose how you want to take her.;;;;;;;;;;;;;x
EVTDESCDWT.021;[From.GetTitledFirstName] has cought your attention for a while. As you have no intentions for a lengthy courtship, at sunset you summon her to your bedchamber. As she enters, you point to your bed. "Pull up your frock and lie on it, wench!" But instead of obeying she tries to flee!;;;;;;;;;;;;;x
EVTDESCDWT.022;After midnight you sneak in your [GetFromRelation]'s chamber. [From.GetFirstName] sleeps on her bed, but awakes abruptly, when you start to run up your hands between her legs. She tries to scream, but you push her head in her pillow, whisper your name in her ear - and that you have to have her - no matter if she wants it or not.;;;;;;;;;;;;;x
EVTDESCDWT.024;With your knees you force apart [From.GetFirstName]'s legs. She struggles, kicking and squirming, trying to scratch your face and bite off your ears. You have to slap her hard, again and again, but she only gives up when you finally penetrate her. Now she lies beneath you like a dead fish, but you don't care - she is yours, finally!;;;;;;;;;;;;;x
EVTDESCDWT.026;You only feel disgust about your victim. "Take your rags and get out of my sight, wench!" You walk to the other side of your chamber and pour yourself a cup of wine. When you turn back, [From.GetFirstName] stands on her feet, with your dagger in her shaking hand.;;;;;;;;;;;;;x
EVTDESCDWT.027;[From.GetTitledFirstName] has cought your attention for a while. As you have no intentions for a lengthy courtship, at sunset you summon her to your bedchamber. You planned to force yourself on her, but she is quite willing and eager, lying on your bed and asking you how you want to do her.;;;;;;;;;;;;;x
EVTDESCDWT.028;After midnight you sneak in your [GetFromRelation]'s chamber. [From.GetFirstName] lies on her bed, but wide awake! You begin stammering something, but she smiles at you. "Hush, [GetFromVsFromFromRelation], I've dreamed of this for months. Now, come and take me in which ever way you want!";;;;;;;;;;;;;x
EVTOPTDWT.001;Nice, nice. Now, away with these rags!;;;;;;;;;;;;;x
EVTOPTDWT.002;Squeal like the pig you are!;;;;;;;;;;;;;x
EVTOPTDWT.003;So... long... and... hard....;;;;;;;;;;;;;x
EVTOPTDWT.004;÷¼, «È—ÆÌ«È, ¢³—Œ¬È «³Î¬³Î«³, «³ÌäŒ¦´?;;;;;;;;;;;;;x
EVTOPTDWT.011;What's this at my vagina? No, please, no!;;;;;;;;;;;;;x
EVTOPTDWT.012;Yes... yes... Enjoy my seed!;;;;;;;;;;;;;x
EVTOPTDWT.013;But he will be back, you know it.;;;;;;;;;;;;;x
EVTOPTDWT.020;"There. And not a word to anyone, understand?";;;;;;;;;;;;;x
EVTOPTDWT.021;You grab her and roughly toss her on your bed.;;;;;;;;;;;;;x
EVTOPTDWT.022;She just wheeps as your hand starts to finger her forbidden cunt.;;;;;;;;;;;;;x
EVTOPTDWT.024;"Not a word to anyone, or I'll do it again, understand?";;;;;;;;;;;;;x
EVTOPTDWT.026;"Drop it, stupid whore, before your hurt some...";;;;;;;;;;;;;x
EVTOPTDWT.027;"It's unexpected, but I don't compain.";;;;;;;;;;;;;x
EVTOPTDWT.028;Such sweet, delightful sin!;;;;;;;;;;;;;x

rapist;¡³İ¡³Ì©·Ø;¡³İ¡³Ì©·Ø;¡³İ¡³Ì©·Ø;¡³İ¡³Ì©·Ø;x
rapist_desc;«È ïÆÉª·İëÆÌ ª¸¡ºùÇ èˆæÆÌ ª³¦³ØæÆĞ«¸¡¸ ¡³İ¡³Ì©·ØëŒçˆ «³Ğ¦¹¬ÈÌ¡·Ù¢È¥³.;x
raped;¡³İ¡³Ì±È²´¬³;¡³İ¡³Ì±È²´¬³;¡³İ¡³Ì±È²´¬³;¡³İ¡³Ì±È²´¬³;x
raped_desc;«È ïÆÉª·İëÆÌ äŒ¢¹ùÇ ùÇ¬Èù¼ ª³İò¼Ì«·Ú«È ¥·¦¹Ù²¹¬¹Ü¥³åÆÌ¡·ÛëÆĞ ùÇ¨È²³Ù¢È¥³.;x
dwtstablewhore;«´¨³«ÈÌ;;;;;;;;;;;;;x
dwtstablewhore_desc;«Èª³¦³ØëÆÌ ¨³Ğ äŒ¥´çˆ ¨³ĞëÆĞ ì»ã«³²³Ù¢È¥³.;;;;;;;;;;;;;x
asocial;ğ»É¦¹É¬·É«ÈÌ ª·İ¬ÈªÈÉ;;;;;;;;;;;;;x
asocial_desc;«È ïÆÉª·İëÆÌ ¬·İ¨³Ğçˆ ª³¥ÈêŒïŒ²³Ì ïÆÉª·İëÆĞ ¡³¬Èäˆ «ÈÜêÆÙ¢È¥³. «È ª³¦³ØëÆÌ ª·İò¼Ì¡ºçÆĞ ²³¡ÈùÄ²´ª·åÆÌ ğ»É¦¹É«È ±ÈĞë‰²³Ù¢È¥³. ª¸ÉêŒçÆĞ ²³¨¹Ìª· ğ»É¦¹ÉëÆĞ ìÆĞ¡È¨¹ «È ª³¦³Øò¼ ª·İò¼Ì¡º²³åÆÌ ¡·ÛëÆÌ ª³İ¥´©³İëÆĞ «³ğŒ¡¸ ²³Ù¢È¥³.;;;;;;;;;;;;;x

sexcrazed;ª¸ÉêŒ«¸ ¨È®ÈØ;;;;;;;;;;;;;x
sexcrazed_desc;«È ¯´¦ÈÉ°·åÆÌ •ÆÎ«ÈØ«·Ú«È ñÆİéÁÌ²³Ù¢È¥³. «È¡·ÛëÆÌ ¨³ÎëÆÌ éŠ¬·İ¬·É«Èäˆ äÆİ¬·İ¬·É«ÈÌ ª³ÿ¿¬·É «µİ¦ÈÙª·İëÆĞ ¨³ÌæÆĞ«·¢´äˆ ²³Ù¦È¬·É«ÈÌ ©³İ²µİò¼ ë»Ì¬·Ì²³Ì ¬·İªÈÌª³İ°´«¸ ªÈØ¡³É²³Ì «¹İ²µİëÆĞ ¨È®ÈÙ¢È¥³.;;;;;;;;;;;;;x

# This is for the power 'Lilith Touch'. In all respect this trait is the same as 'sexcrazed', but named differently, because this person will not go after *your* subjects, but their own.
sexcrazedfoe;Sex Crazed;;;;;;;;;;;;;x
sexcrazedfoe_desc;This character is constantly aroused and looking to get off in one way or another. This affects their compatability with society in many positive and negative ways and has a dire impact on their rationality and sanity.;;;;;;;;;;;;;x

DWToptionfurther;¥· ¥·ëÁÉ¥·.;;;;;;;;;;;;;x
DWToption1;Good.;;;;;;;;;;;;;x

DWT100desc;¥³İªÈÌëÆÌ ¢·èŠ¢³ ñÆİéÁÌ²´ª· ¥· «Èª³İ ®³ØëÆĞ êŠ «·ÚêÆÙ¢È¥³. ¥³İªÈÌëÆÌ ¥³İªÈÌ«È ª·Ì°´É²³Ì ¨·É«È¡³ ¡³¬³İ ûÄ«µÉ²´¬ÈÌ ªÈ¡³ÌëÆĞ ïÆØ°³ ¥³İªÈÌò¼ ²³Ø¸ ²³Ğ êŠ «ÈÜåÆÌ¬È ÿ¼É«ÈÌ²³Ù¢È¥³.;;;;;;;;;;;;;x
DWT100a;¥³İªÈÌùÇ ä»İ¡¹É¬³åÆÌ «ºÛ ©³İªÈÉëÆĞ «ÈëÀİ²³«¹ ¥³İªÈÌëÆĞ ¡³İ¡³Ì²³Ğ¡·Û«È¥³.;;;;;;;;;;;;;x
DWT100b;¥³İªÈÌùÇ ä»İ¡¹É¬³åÆÌ ¥³İªÈÌùÇ «·İ¥·İ«ÈçÆĞ ¥·¦·Ù²ÈĞ¡·Û«È¥³.;;;;;;;;;;;;;x
DWT100c;¥³İªÈÌùÇ ä»İ¡¹É¬³åÆÌ ¥³İªÈÌëŒ «ÈÙëÆĞ ¡³İ¡³Ì²³Ğ¡·Û«È¥³.;;;;;;;;;;;;;x
DWT101desc;Ignoring your gasp of surprise he uses his strong and masculine arms to force your legs apart. You scream in pain and pleasure as he forces himself deep into your well lubricated womb.;;;;;;;;;;;;;x
DWT102desc;You whimper and moan under his thrust as he slides his rock hard cock into you with forcefull thrusts. Each of his thrusts reaches deep into your womb and you feel his erection growing even further, begging for an explosive release.;;;;;;;;;;;;;x
DWT103desc;Your own orgasm is building and you are so close. You beg him to make you cum, but he disregards and unloads a torrent of his hot and vile seed into your womb. The sensation sends you over the edge and you cum like you never have come before.;;;;;;;;;;;;;x
DWT120desc;ª³¦³İëÆĞ ²´¥³Ğ¦³åÆÌ ¥³İªÈÌùÇ ®·İùÂÌëÆĞ èŠªÈ²³Ì ®´ äŒåÆÌ ¥³İªÈÌëÆĞ ôÄçˆ æ»Ğ¦Èäˆ,èÁÊäˆåÆÌ «·İ¥·İ«È«¸ äŒùÇ ¬³¬ÈçÆĞ ¡³İ²³¡¸ ¨ÈĞ«·¢·ã«·Ü¥³.;;;;;;;;;;;;;x
DWT121desc;ï»İìÆİëÆÌ ¡·ùÇ ¡¹Ì¥ÈĞêŠ «·ÚëÆĞ¨³ÌîÆØ ¯·Ü¬È¨³Ì ²³İèÁÌ«¸ ¡·®ÈÌ ª·İ¡È¡³ ëÁØ¬ÈÉ«ÈĞ‘´¨³¥³ ìˆäÆØ“ÈÉ ¬·Ş¡È ªÈ¬³É²´Ü¥³. «È¡·Ì ¨ÈÏëÆĞ êŠ «·ÚåÆÌ ëˆçŒ¡³êÆØëÆĞ åŒÈ¡¸ ²´Ü¥³.;;;;;;;;;;;;;x
DWT122desc;¡¹ĞäÁÉ äŒåÆÌ –Œ¡·ÛëÁÌ ¬·İ«´ÉæÆĞëÆĞ ²³İèÁÌ«¸ ìŠ«ÈÙ²³«¹Üäˆ ¥³İªÈÌùÇ «·ĞäÁĞ ¬·Ì®¸åÆÌ åÁÌèÁĞò¼ ¬·İ«´É äŒ¦Èäˆ ®ÈØ ïŠª·İ«Èçˆ «·ĞçÁÉ¬¹Ü¥³. ¨³¬È¨³ÉëŒçˆ äŒåÆÌ ¥³İªÈÌ«¸¡¸ äŒùÇ ¬³¬ÈçÆĞ ®·İêˆ²³æˆç»É ¡³İë‰©³Ï«³Ü¥³.;;;;;;;;;;;;;x
DWT130desc;His strong hands grip your chin and force you to open your mouth. In no uncertain terms he lets you know what ge will do to you if you bite him. Then he shoves his thick cock into your mouth and down your throat.;;;;;;;;;;;;;x
DWT131desc;He rapes your face violently and you struggle to breathe between his thrusts. The asphyxation and the sensation of his glans sliding down your throat arouse you immensely.;;;;;;;;;;;;;x
DWT132desc;You feel his dick swell in your mouth and with a powerful thrust he shoves it as far down your throat as he can, while he holds your head still. Torrents of his pulsating seed are forced down your throat and you greedily gulp it all down.;;;;;;;;;;;;;x

DWT200desc;You rip off her clothes and let your hands and eyes roam over her naked body while you consider your options.;;;;;;;;;;;;;x
DWT200a;You will rape her in the old fashion.;;;;;;;;;;;;;x
DWT200b;You intend to sodomize her.;;;;;;;;;;;;;x
DWT200c;You decide to rape her face.;;;;;;;;;;;;;x
DWT201desc;While her begs and screams you pull her legs apart and force yourself into her.;;;;;;;;;;;;;x
DWT202desc;You have your way with her while she whimpers and starts crying.;;;;;;;;;;;;;x
DWT203desc;In last desperation as you cum her begs you not to make her pregnant, which you naturally disregards.;;;;;;;;;;;;;x
DWT220desc;Turning her bound body on her stomach, her screams of pain vanish into the bed as you forcefully enter her.;;;;;;;;;;;;;x
DWT221desc;You continue raping her until you finally cum in her ass.;;;;;;;;;;;;;x
DWT222desc;Turning her around you force her to clean your shaft till her face is a mix of tears, semen, and spit.;;;;;;;;;;;;;x
DWT230desc;Telling her of the tortures she'll face if she refuses, you place your member in her mouth while it grows down her throat.;;;;;;;;;;;;;x
DWT231desc;You rape her face violently till tears and spit mixes with puke.;;;;;;;;;;;;;x
DWT232desc;When you finally come she chokes. You hold her head locked and force her to swallow your cum, her puke, and spit.;;;;;;;;;;;;;x

EVTDESCDWT.300;Shortly before bedtime you sneak in your [GetFromRelation]'s chamber. While [From.GetFirstName] disrobes you silently sneak naked into his empty bed without getting noticed. You spread your legs, caress your bosom and your diddle your oozing twat while you wait that he notices you waiting for him.;;;;;;;;;;;;;x
EVTOPTDWT.300;You beg your [GetFromRelation] to fuck you like the whore that you are.;;;;;;;;;;;;;x

DWT_DEATH_RAPE_PRISONER;was raped to death in the dungeon of $KILLER$;;;;;;;;;;;;;x
DWT_DEATH_RAPE_COURTIER;was raped to death in the court of $KILLER$;;;;;;;;;;;;;x
DWT_DEATH_RAPE_PRISONER_NO_KILLER;was raped to death;;;;;;;;;;;;;x
DWT_DEATH_RAPE_COURTIER_NO_KILLER;was raped to death;;;;;;;;;;;;;x
DWT_FUCKED_TO_DEATH;was fucked to death in the arms of $KILLER$;;;;;;;;;;;;;x

DEATH_BY_HARLEY;was murdered by a jealous Harley Quinn;;;;;;;;;;;;;x
DEATH_BY_HARLEY_NO_KILLER;was murdered by a jealous Harley Quinn;;;;;;;;;;;;;x
DEATH_BY_HARLEY_RIVAL;was murdered by a dutiful Harley Quinn;;;;;;;;;;;;;x
DEATH_BY_HARLEY_RIVAL_NO_KILLER;was murdered by a dutiful Harley Quinn;;;;;;;;;;;;;x

DWT501;I hear the door to my cell open, followed by someone shouting out the word "Procreo." I look over and see [From.GetBestName] pointing at me, with a guard dog charging in my direction. I feel a shudder pass over me as a cruel grin spreads across [From.GetFirstName]'s mouth. \n The guard dog is bearing down on me and I've little in the way of options.;;;;;;;;;;;;;x
DWT501B;No, no, get it away from me!;;;;;;;;;;;;;x
DWT501C;Oh [Root.GetRandomGodName] I want it inside of me.;;;;;;;;;;;;;x
DWT501D;I've not the time for this, begone beast!;;;;;;;;;;;;;x
dw_alpha_bitch_beats_dog;I stare the dog down, leaving as it slinks back to its master with its tail between its legs.;;;;;;;;;;;;;x
dwt_dog_procreo;äŒ¢¹çÆĞ êŠ¡³ÌªÈ¯ÈÌ¥³;;;;;;;;;;;;;x
dwt_dog_procreo_desc;ú¿êŠçˆ“· äŒ¢¹åÆÌ ¬·Ì¬·ÉëŒçˆ ¥³İªÈÌùÇ ê»Ì«¸ ¥³Ğ¦¹ÜêÆÙ¢È¥³. äŒ¦Èäˆ ¥³İªÈÌëÆÌ ¨¹ß¨¹ßùÇ ª³¢µİ¡´«¸¡¸ «³Ø¯´çÆĞ ¬¸ä»İ²³ĞêŠ «ÈÜ¬Èë‰.;;;;;;;;;;;;;x
DWT510;[From.GetFirstName] ¡³ ¢´ ª³¢µİ¡´«¸¡¸ª· æˆ¨³İ®ÈåÆÌ¡·ÛëÆĞ ¬È¯¹éˆ«³Ü¥³. ¢´ ª³¢µİ¡´åÆÌ äŒ¢¹ùÇ æŒ¦¸êŒçÆĞ ”ÈŞ«·©·¦È¨¹ äŒ¢¹çÆĞ åÁÙ²¹Üäˆ äŒ¢¹åÆÌ ¥³¦ÈçÆĞ ©·Ğ¦ÈÌ®´ «·âæŒ¦È¡¸ ô¿«·Ü¥³.[From.GetFirstName] ëÆÌ ¢¸©³Ğçˆ ğˆé»Éô¿Ì ¬³ª¸¡³ ô¿«·Ü¥³.\n ¡´åÆÌ ìŠ¬·²³¬È «³Îäˆ äŒ¢¹ùÇ ©·Ğ¡·©·ÛëÆÌ è»Ø«¸ ¬³¬ÈçÆĞ ¡³¬¹¥³ ¥´¨¹ ñÆÌæÆĞ¡È ªÈ¬³É²´Ü¥³. äŒ¢¹åÆÌ äŒ èˆêÆÙ«¸ «·Ğ«·©·¦ÈÌæÆÛ å»Ğ¦³Ü¥³. ¢³åÆÌ ¡´ùÇ ¬³¬È¡³ ¬³Ğ æÆĞ«·¡³¬È «³Î¬³ ùÄ®ÈçÆĞ ¬³Ù«³ìŠäˆ äŒ¢¹ùÇ éˆ¬È«¸ ¨ÈĞ«·¢·ã¡È øÄÙ¡¸ ²´ìŠ«·Ü¥³.\n [From.GetFirstName] ùÇ éˆ¬È «³Ì«¸ ¢´ ª³¢µİ¡´ùÇ ¬³¬È¡³ æÆĞ«·¡³¨¹Ìª· äŒ¢¹åÆÌ ëÁĞéŠ¬ÈŞëŒ¨¹ åÁÌèÁĞ«È ’µØëÆĞ °³äˆ ñÆĞ¦·¢´¦¹Ü¥³. \n ¢´ ª³¢µİ¡´åÆÌ ¨³¬È¨³ÉëŒçˆ ê»ÉæˆçÆĞ ë»Ğ¦¹Üäˆ «È¢´ äŒ¢¹ù¼ «·İ¥·İ«ÈçÆĞ ¨³Ş¥´äˆ ¨´æÆÙëÆĞ ¬ÈÛæÆÛ ¬³ª¸çÆĞ ©³•Š«·Ü¥³. ¨³®ÈØ¢´ ¡¹İ©È¡¹ÌëÆÌ äŒ ¬³ª¸çˆ ª³¬·İ²³«¹Ü¥³.;;;;;;;;;;;;;x
DWT510A;«·‘·Ì ¡³İ«³¬È¡³ ì»ãëÆÌ ¡¹İ©È¡¹Ì«ÈĞ³? ©³çˆ ¢·¬È... «³«ÈäŠ ®³É²³Ì ëŠ¦È ¡¹İ©È¡¹Ì.;;;;;;;;;;;;;x
DWT511;I try to cower and dodge away from [From.GetFirstName]'s hound, to little avail. I don't get far before the beast clips the back of my legs, causing me to fall to the ground. I try to scramble away as the dog tears away my dress. \n I don't get more than a foot or so before I feel something slap against my ass. Visions of a dog humping someone's leg flash across my mind's eye, and don't appear to be too funny any longer. My pausing was a big mistake, as dog's weight has me pinned and I suddenly feel his cock penetrate me. It's painful as I'm not ready, yet the beast begins thrusting. \n Tears well up as I'm helpless, my ass up in the air while being violated by a dog. The pain passes as I become numb to the sensation. \n I barely notice the dog pull out of me. I can feel its cum dripping from my pussy, and the tears come again.;;;;;;;;;;;;;x
DWT511A;Oh my god, I was just raped by a dog!;;;;;;;;;;;;;x
opinion_intimidated;Intimidated into being more friendly;;;;;;;;;;;;;x
DWT540;I watch in surprise as [From.GetFirstName] flips her dress up and gets on all fours. My dog wastes no time hoping up on her hips. She reaches back and grasps his growing cock as he begins to hump in search of her hole. She guides him in, moaning as the dog sinks in and picks up the speed of his thrusting. \n After a few moments [From.GetFirstName] works to match the thrusts. Holding onto the grass for purchase as she rolls her hips backwards. My dog responds, picking up the pace and they're both panting wildly as his cock penetrates her. \n [From.GetFirstName] reaches between her legs with one hand and is trying to help the knot go in. With a pop, it slides in, and her eyes glaze. \n My dog whines as it stops and turns. Ass to ass as it's knot keeps them connected as she moans as his cum shoots deep inside her.;;;;;;;;;;;;;x
DWT540A;Great. Now I've got to wait for his knot to pop.;;;;;;;;;;;;;x
DWT541;I see his growing cock and waste no time as he approaches. I flip my dress up and get on all fours. The dog wastes no time hoping up on my hips. I reach back and grasp his warm growing cock as he begins to hump in search of my pussy. I guide him in, moaning as the dog sinks in and picks up the speed of his thrusts. \n After he gets a rhythm, I  work to match his thrusts. Holding onto the grass for purchase I roll my hips back, feeling him fill me and his knot slapping my vulva. We're both panting wildly as his cock hammers away in me. \n I reach between my legs and pull his knot, trying to help it in. With a pop, it slides in and I orgasm from the sensation. \n Too soon the dog whines as it stops and turns. Ass to ass as it's knot keeps us connected. I moan as his cum shoots deep inside me, over and over again.;;;;;;;;;;;;;x
DWT541A;[Root.GetRandomGodName], I hope that [From.GetFirstName] brings their dog by again.;;;;;;;;;;;;;x
opinion_good_dog_owner;Good Dog Owner;;;;;;;;;;;;;x
opinion_good_dog_slut;Good Dog Slut;;;;;;;;;;;;;x

DWT.3000.desc;¥³İªÈÌùÇ ú¿êŠ [From.GetTitledFirstName] ¡³ ¥³İªÈÌùÇ åÁÌ«¸ æÆĞ«·ù¼Ü¥³. ¥³İªÈÌëÆÌ ¬È²³¡³Øë»É ©¹É«¸ «ÈÜåÆÌ ø¿ª³êÆĞ«¸ äŒ¢¹¡³ èÁÊ«¹«ÈÜåÆÌ ¡·ÛëÆĞ éˆäˆ èŠ«·Ì¡³ ëÀÉ¨³İ«¸ ª³çˆ¬³Ù²¹Ü¥³. \n\n äŒ¢¹«¸¡¸ ¥· ¡³³«È ¥³¡³¡³¬³ äŒ¢¹åÆÌ æŠ¦¹ëÁØ«¸ êˆêŒ¦³®È¨¹ «ÈĞ«·¢³Ü¥³. äŒ¢¹¡³ ª³êÆĞ«¸ èÁÊ«¹ ¡ÈÌ¬³İ²³åÆÌ èˆêÆÙëÆĞ éˆäˆ ìÆĞ¡È¨¹ ¥³İªÈÌëÆÌ äŒ¢¹çÆĞ ¡³¬Èäˆ èŠ«·ÛëÆĞ ²³Ğ¬È ª´İ¡³É²³«¹Ü¥³.;;;;;;;;;;;;;x
DWT.3000.vaginal;¥³İªÈÌëÆÌ [From.GetTitledFirstName]ëÆĞ ²³Ø¦³É²³äˆ ¬´İûÄ²³¡Èçˆ ²³«¹Ü¥³.;;;;;;;;;;;;;x
DWT.3000.anal;¥³İªÈÌëÆÌ [From.GetTitledFirstName]ùÇ ²³İèÁÌëÆĞ ©·Ø²³Ğ¡·¥³.;;;;;;;;;;;;;x
DWT.3000.oral;¥³İªÈÌëÆÌ [From.GetTitledFirstName]ùÇ «ÈÙëÆĞ ¡³İ¡³Ì²³Ì¥³.;;;;;;;;;;;;;x
DWT.3000.kidding;¥³İªÈÌëÆÌ [From.GetTitledFirstName] çÆĞ äŒ¢µİ ‘·¢³Ì¥³.;;;;;;;;;;;;;x
DWT.3001.desc;Your prisoner [From.GetTitledFirstName] has caught your eyes and seeing her helplessly chained to the wall in your dungeon turns you on immensely.\n\nYou feel your desire rising and know that you want to - have to - have her.\n\nYou step closer to her and she starts to realize what's about to happen and glares angrily at you. While you enjoy seeing her straining in her chains, you consider what you want to do with her.;;;;;;;;;;;;;x
DWT.3002.desc;For easier access to her luscious body you unchain her. Despite her tremendous struggling you start to grope her body and force your mouth on hers for a demanding kiss.\n\nSuddenly she seems to spot an opportunity and her hand darts to the dagger on your belt. With a quick movement she pulls it free and pushes you away from her.\n\nWith an angry glare she stands in front of you, the dagger poised at you in unsteady hands and says threateningly: 'Don't you fucking dare to lay a hand on me, bastard!';;;;;;;;;;;;;x
DWTRapeFemaleFleesFightHer;Don't *you* dare! I'll show you ...;;;;;;;;;;;;;x
DWTRapeFemaleFleesEscapeTolerated;You leave her alone ... for now.;;;;;;;;;;;;;x
DWT.3004.desc;The way she is holding the dagger makes it clear that she never had any combat training or experience. It's just bravery and desperation with which she opposes you.\n\nYou plunge forward, dodge her feeble dagger thrust at your chest and throw her tumbling to the ground. The dagger escapes her hand and clatters away into the darkness.\n\nFor good measure you punch her repeatedly while you sit on her stomach. After a few punches she goes limb and ceases to resist.;;;;;;;;;;;;;x
DWToptionNowYouReMine;Where were we before you got feisty?;;;;;;;;;;;;;x
DWT.3005.desc;The way she is holding the dagger makes it clear that she might have had a little combat training or some experience. But it's mostly bravery and desperation with which she opposes you.\n\nYou plunge forward repeatedly, avoiding her stabs and dagger thrusts and eventually you manage to grab the wrist with which she is holding the dagger. You both tumble to the ground and you hear her gasp.\n\nWhen you look down, you see a lot of blood oozing from the place where the dagger stabbed her chest and gushing over her chest and face as she screams in pain. Eventually the scream dies off and her body goes limp under you.;;;;;;;;;;;;;x
DWToptionWhatAWaste;What a waste!;;;;;;;;;;;;;x
DWT.3006.desc;The way she is holding the dagger makes it clear that she has had combat training and fighting experience. It's not just bravery and desperation with which she opposes you.\n\nYou plunge forward repeatedly, avoiding her stabs, but during one such evasive actions she slamms the pommel of the dagger against your forehead. Dazed and befuddled you fall on your knees.\n\nWhen your senses return, she is gone from the dungeon and left mutilated or dead guards in her wake. The gate guard reports that she had grabbed a horse and was gone before they could get archers up.;;;;;;;;;;;;;x
DWToptionVictimFlees;Ah, shit.;;;;;;;;;;;;;x
DWT.3007.desc;The way she is holding the dagger makes it clear that she has had a lot of combat training and fighting experience. It's way more than bravery and desperation with which she opposes you.\n\nYou plunge forward repeatedly, avoiding her stabs and dagger thrusts. Eventually you manage to grab the wrist with which she is holding the dagger. But before you can disarm her, she pushes into you with all her might. You loose your footing and feel the dagger penetrating your skin, entering between two ribs and a mighty pain explodes in your heart. Then the world goes black.;;;;;;;;;;;;;x
DWToptionWhatAShame;Ah, shit. Why am I bleeding?;;;;;;;;;;;;;x
DWT.3008.desc;The struggle with her left you bruised and sweating and all the more aroused. What a feisty little bitch this vixen is.\n\nShe looks at you in fright and openly displayed fear and this arouses you even more.\n\n"Please, leave me alone!", she wimpers as you rip the last vestiges of her prison clothes off her sweating body.\n\nWith her skin laid bare, you now contemplate what you are going to do with her.;;;;;;;;;;;;;x
DWT.3008.vaginal;Your cunt is mine!;;;;;;;;;;;;;x
DWT.3008.anal;Your ass is mine!;;;;;;;;;;;;;x
DWT.3008.oral;Time to swallow, bitch!;;;;;;;;;;;;;x
DWT.3008.kidding;Back to your cell, cunt!;;;;;;;;;;;;;x
DWT.3010.desc;äŒ¢¹ùÇ ëÅÉ®¸åÆÌ «³Ì¬·Ì²³¡¸ èÁÊ«¹«ÈÜ«·Üäˆ ù¼Ì¬·Ì²È ©·Û¡¹¬ÈÌ ®´«¹Ü¥³. –ˆ²³Ì ¥³İªÈÌùÇ ä»Ğ®ÈÛ¡·¦È«ÈÌ ú¿êŠ«È¡È‘´èÁÌ«¸ ¥³İªÈÌëÆÌ äŒ¢¹ùÇ è»ØëÆĞ ¬·É¥³İ²È ë‹¦ÈÌ²³äˆ äŒ¢¹çÆĞ éÁá¬³Ù«³Ü¥³.\n\n ¥³İªÈÌëÆÌ äŒ¢¹ùÇ ¥³¦ÈçÆĞ ëÁØ¯¹¬³Ùäˆ æÆĞ«·ë»Ğ¦¹Ü¥³. äŒ¢¹åÆÌ ¥³İªÈÌ«¸¡¸ «´ùÂÌ²³äˆ ©ÈĞ«·Ü¥³. \n\n äŒ¦·¢³ ¥³İªÈÌëÆÌ äŒ¢¹ùÇ éˆ¬È«¸ ¡³®³«·Ú«È ¬³¬ÈçÆĞ ¬³¦È¬³Ùäˆ ¨ÈĞ«·¢·ã«·Ü¥³. äŒ¢¹ùÇ éˆ¬ÈåÆÌ ¡³©¹Ù¡¸ ¥³İªÈÌùÇ ¬³¬ÈçÆĞ ©³Ï«³æÆĞ«¹Üäˆ ¥³İªÈÌëÆÌ ®·Ì®·Ì²È ±·ØğŒ¬ÈĞëÆĞ ²³¡È ªÈ¬³É²´Ü¥³.;;;;;;;;;;;;;x
DWT.3011.desc;äŒ¢¹ùÇ éˆ¬È«¸ ¢³Ø¬³ùÇ ¬³¬È¡³ æÆĞ«·¡³¬³ ¬·²³İ²³¦¹åÆÌæÆÛ éˆ«¹Ü¥³. \n\n äŒ¢¹ùÇ ©³Ğè»ÉëÆĞ ¥³Ì¥³Ì²È ¬³Ùäˆ æÆĞ«·ë»Ğ¦¹ è»ØëÆĞ ¥·ëÁÉ¥· «³âôÄçˆ ñÆÌæÆĞ«·Ü¥³. äŒ¦·¬³ äŒ¢¹ùÇ ‘³–ÆÛ²³äˆ íÁÉíÁÉ²È ¬·ŞëÆÌ éˆ¬ÈåÆÌ ¥³İªÈÌùÇ ¬³¬ÈçÆĞ ¥·ëÁÉ ¡Èâ¡¸ æÆĞ«·¡³¡¸ ¨³ÌæÆĞ«·Ü¥³. \n\n äŒ¢¹åÆÌ ¨³®È è»Ø«³Ì«¸ ¯³Ğ«È¦³æˆ æÆĞ«·ë»Ì æÆÛ ²·Ğ‘·É¡·¦È¨¹ ªÈÌëÆØ²³äˆ ¬·Ğä‹²³«¹Ü¥³. ¥³İªÈÌëÆÌ äŒ¢¹ùÇ «³Ì«È «·Ğ¨³¢³ ¡ÈéÁÌ ì»ãëÆÌ¬È ´¥³Ïäˆ äŒ¢¹ùÇ «³Ì«¸ ª³¬·İ²³«¹Ü¥³.;;;;;;;;;;;;;x
DWT.3012.desc;¥³İªÈÌëÆÌ äŒ¢¹ùÇ š¼É ™ˆ«ÈåÆÌ éˆ¬È«¸ ¡³Ø°³Ìò¼ å»Ğ¦³ëÁØëÆĞ äÆØ®È è»Û²³«¹Ü¥³. äŒ¢¹åÆÌ ¬³ØªÈ¢³¨³ «³ÌæˆùÇ ²³ÌêÁØëÆĞ øÄ«·Ü¬È¨³Ì ¥³İªÈÌëÆÌ äŒ¢¹ùÇ «³Ì«¸ ¥³ªÈ ¨ÈĞ«·¢·ã«·Ü¥³. äŒ¦·¬³ äŒ¢¹åÆÌ ”³ÓëÆÌ ªÈÌëÆØêˆ¦ÈçÆĞ ¢´«·Ü¥³. \n\n äŒ¢¹ùÇ è»Ø«È ‘·Ğ¦È¬³ ¥³İªÈÌëÆÌ äŒ¢¹çÆĞ ¥·ëÁÉ ¡³İ²³¡¸ éÁá¬³Ùäˆ äŒ¢¹ùÇ ²´İæ»İëÆĞ ìÆĞ¡¹Ü¥³. \n\n ¡¹ĞäÁÉ ¥³İªÈÌëÆÌ ²³Ì¡º¡³ ù¼Ü¥³äˆ ª´İ¡³É²³äˆåÆÌ äŒ¢¹ùÇ ¬³äÁİ ¡ÈâêÁÉ²È ¬³¬ÈçÆĞ ¨ÈĞ«·¢·ãäˆ ¬³ØªÈ ª´İ¡³É²³«¹Ü¥³.;;;;;;;;;;;;;x
DWTRapeDoCreampie;äŒ¢¹ùÇ «³Ì«¸ “³Ì¥³;;;;;;;;;;;;;x
DWTRapeNoCreampie;äŒ¢¹ùÇ ©³Ê«¸ “³Ì¥³;;;;;;;;;;;;;x
DWT.3013.desc;¥³İªÈÌëÆÌ äŒ¢¹ùÇ «³Ì«¸ ª³¬·İ²³¡Èçˆ ²³«¹Üäˆ «È¡·ÛëÆÌ ùÄ²·Ø²³Ğ¬Èæˆ è»Ğ¦³Ü¥³. \n\n ¥³İªÈÌëÆÌ ¥·ëÁÉ ²ÈØëÆĞìŠäˆ êÁØêˆ¦ÈçÆĞ ¢´¨¹ ëÁØ¬ÈÉ«¹Üäˆ äŒ¢¹–ˆ²³Ì ªÈÌëÆØêˆ¦Èù¼ ëÁĞëÆØêˆ¦È¡³ ª·Ê«ÈÌ®´ ¥³İªÈÌ«¸¡¸ «´ùÂÌ²³«¹Ü¥³. \n\n ªÈ•Œ¦·ëÁÌ ªÈÌëÆØêˆ¦ÈçÆĞ èŠªÈ²³äˆ ¥³İªÈÌëÆÌ «ÈÜåÆÌ ²ÈØ·Û ¥³İªÈÌùÇ “È«³ÛëÆĞ äŒ¢¹ùÇ «³Ì«¸ ±·éŠ«·Ü¥³. ¥³İªÈÌùÇ ¬³¬È¡³ äŒ¢¹ùÇ éˆ¬È«¸ª· ¢³ë»Ğ‘´ éˆ¬È«¸ª· ¬·İ«´ÉæÆĞ«È ñÆĞ¦·¢·Ø®¹Üäˆ äŒ¢¹åÆÌ «·â«·¬ÈÌ®´ ëÁĞäˆ«ÈÜ«·Ü¥³.;;;;;;;;;;;;;x
DWTDoneWithVaginalRape;Damn! This felt good!;;;;;;;;;;;;;x
DWT.3014.desc;As much as you'd love to unload deep into this wonderful snatch you don't want to give her the pleasure. Or endure any consequences of that!\n\nYou push deep into her for a final time to enjoy the tightness of her snatch once more, then you pull out and aim your cock at her breast and belly.\n\nWith a loud groan you shower her skin with long, thick streams of your royal seed. Her sobs turn into crying and wimpering. She doesn't yet dare to wipe your come off her skin and looks at you subduedly and badly hidden disgust.;;;;;;;;;;;;;x
DWTDoneNoCreampie;Ah, I needed that!;;;;;;;;;;;;;x

DWT.3020.desc;¥³İªÈÌëÆÌ äŒ¢¹ùÇ ª³êÆĞæÆĞëÆĞ ğÁĞ«·ìŠäˆ ¬³ØªÈ äŒ¢¹çÆĞ ¬³ë‹ç»Ù¡¸ ²´ìÁÌôÄ «³âëÆĞ éˆ¡¸ ²³Ì‡Š èŠçÆâëÆĞ •Á×²¹Ü¥³. äŒ¢¹çÆĞ ¥·ëÁÉ ¬³Ğ ë‹¦ÈÌ²³¡È ùÄ²³Ø«È«¹Ü¥³. \n\n äŒ¢¹¡³ ¥³İªÈÌëÆĞ ¬³Ğ ©³¦³éˆæˆç»É ²³¡ÈùÄ²´ ª³êÆĞëÆĞ ¬³Ù«³¥³İ¡¹ «µÉ¡³Ì ª³İ®¸çÆĞ æ»Ğ¦È¡¸ ²³«¹Ü¥³. ¥³İªÈÌ«È äŒ¢¹ùÇ ²³İèÁÌ«¸ ¬³¬ÈçÆĞ ª³Ù«ÈÙ²³åÆÌ¡·Ğ éˆ¡¸ ²³«¹Üäˆ ¥³İªÈÌùÇ íÁÉíÁÉ²È ¬·ŞëÆÌ ¬³¬ÈåÆÌ äŒ¢¹ùÇ ²³İèÁÌ«¸ ª³Ù«ÈÙô¿«·Ü¥³. \n\n äŒ¢¹ùÇ ‘³–ÆÛ²³äˆ ™ˆ«ÈåÆÌ ²³İèÁÌ«¸ ¡ÈâêÁÉ²È ¬ÈÙ«·¢·ã¡È ùÄ²´ ®·Ì®·Ì²È ¨ÈĞ«·¢·ã¬³ ²³İèÁÌëÆÌ «È¢´ ¥³İªÈÌùÇ ¬³¬ÈçÆĞ ª³Ø¯¹Ü¥³.;;;;;;;;;;;;;x
DWT.3021.desc;äŒ¢¹åÆÌ ¨³®ÈØ¢´ ¥³İªÈÌùÇ ¬³¬È¡³ äŒ¢¹ùÇ ²³İèÁÌ«¸ æÆĞ«·¡³¬³ ©³¥³ÉëÆĞ éˆ¨¹ ¨È®ÈÌæÆÛ«È ©È¨¹İëÆĞ ¬ÈĞ¦·Ü¥³. äŒ¢¹ùÇ åÁÌ«¸ª·åÆÌ ²¹Øëˆ¡³Øò¼ ¡¹İ¨¹Ğ«È ¥³Ø¡¹¬¹«ÈÜ«·Ü¥³. \n\n ®·Ğ¬·²È ¥³İªÈÌëÆÌ äŒ ¡³Ø¬·İæÆĞëÆĞ åŒÈäˆ ìÆĞ¡È¨¹ ¡¸ê»É²´ª· «³âôÄçˆ ëÁØ¬ÈÉ«¹Ü¥³. \n\n äŒ¢¹ùÇ æÆİëÆĞ ëÁØ¯¹¬³Ùäˆ ¥³İªÈÌùÇ ¬³¬ÈçÆĞ ëÁØ¬ÈÉ«ÈĞêŠç»É äŒ¢¹åÆÌ ò¿çˆëÁÌæÆÛ ²³İèÁÌëÆĞ ™ˆ«¹Üäˆ ¥³İªÈÌëÆÌ äŒ ¬³äÆÉëÆĞ ìÆĞ¡¹Ü¥³. \n\n äŒ¢¹ùÇ ‘³–ÆÛ²³Ì ²³İèÁÌò¼ «³çÆØ¥³ëÁÌ «·İ¥·İ«È äŒ¦Èäˆ æÆİëÆĞ «·çŠ¨³Ì¬È¨¹ ¥³İªÈÌëÆÌ «³ĞêŠ«·ÚåÆÌ ©´¥·É¡³Ø«¸ ñÆİéÁÌ²´Ü¥³.;;;;;;;;;;;;;x
DWT.3022.desc;äŒ¢¹¡³ ¥·ëÁÉ ©³Ì²³İ¬·ÉëŒçˆ ëÁØ¬ÈÉ«È¬³ ¥³İªÈÌëÆÌ äŒ¢¹ùÇ ±³ĞëÆĞ éÁá¬³Ùäˆ äˆ¬·İªÈ¯¹Ü¥³. äŒ¢¹ùÇ ²³İèÁÌëÆĞ ¡¸ê»É²´ª· ©·Ø²³¨¹Ìª· äŒ¢¹ùÇ ©È¨¹İò¼ ¬·Ğä‹¡³ ¬È²³¡³Øë»É«¸ ëÁĞ¦¹±·¬¹Üäˆ ¥³İªÈÌëÆÌ äŒ¡·ÛëÆĞ ìÆĞ¡¹Ü¥³.\n\n ¡¹ĞäÁÉ ¥³İªÈÌëÆÌ ¥· «Èª³İ ®³Ø¬È è»Û²³äˆ äŒ¢¹ùÇ ²³İèÁÌ«¸ ¡ÈâêÁÉ²È ©³Éäˆ ¬·İ«´ÉæÆĞëÆĞ ©´íÁĞ²³¡È ªÈ¬³É²³«¹Ü¥³. \n\n äŒ¢¹åÆÌ ¥³İªÈÌùÇ ª³¬·İ«¸ ¬·Ğä‹²³¨¹ ëÁĞ«·¥´Ü¥³.;;;;;;;;;;;;;x
DWT.3022.option;"¬¸¡ÈĞ, «È¡· èŠ¬ÈÌ¬³İ ì»ãëÆÌ¥¸!";;;;;;;;;;;;;x
DWT.3023.desc;¥³İªÈÌùÇ ¬³¬È¡³ äŒ¢¹ùÇ ²³İèÁÌ«¸ª· ¢³ëˆ¬³¨³¬³ äŒ¢¹åÆÌ ‘³İ«¸ ˜Œ¦·¬¹Ü¥³. äŒ¢¹åÆÌ è»ØëÆĞ ëÁİîŒ¦ÈÌ®´ åÁÌèÁĞëÆĞ ñÆĞ¦È¨¹ êŠ®ÈªÈØò¼ éŠ•Œ¦·ëÁØëÆĞ åŒ¹Ü¥³. \n\n ¥³İªÈÌëÆÌ äŒ¢¹çÆĞ ’·Ì’·ÌêŒ¦·Ùäˆ ¥³İ¥³İ²³¡¸ ®¹¥³éˆ¨¹ «³èŠ¨³Ğæˆ ²³¬È «³Îäˆ ÿÄ±³¦³ØëÆĞ éÁĞ¨¹ ¡·¡È«¸ª· ’³¬¹¢³ù¼Ü¥³.;;;;;;;;;;;;;x
DWTDoneWithAnalRape;Until next time!;;;;;;;;;;;;;x
DWT.3030.desc;äŒ¢¹ùÇ «³çÆØ¥³ëÁÌ «ÈÙêÁĞëÆÌ ¥³İªÈÌëÆĞ ¨´ç‰ªÈ¯¹Üäˆ ¥³İªÈÌëÆÌ ìÆĞ¡·ëÁÌ é»İª³çÆĞ åŒÈäˆ ªÈâ«·Ü¥³. äŒ¢¹ùÇ ª³êÆĞëÆĞ ìˆäÆØ ğÁĞ«·ìŠäˆ äŒ¢¹çÆĞ ‘³İ«¸ èŠçÆâ•Á×²¹Ü¥³. äŒ¢¹åÆÌ éŠ•Œ¦·ëÁØ«¸ äˆ¡´çÆĞ æ»Ğ¦¹Ü¬È¨³Ì «È¢´ ¥³İªÈÌëÆÌ äŒ¢¹ùÇ äˆ¡´çÆĞ æ»Ğ¦¹ ¥³İªÈÌùÇ ¬³¬ÈçÆĞ éˆ¡¸ ²³«¹Ü¥³. ¥³İªÈÌëÆÌ ¬³¬ÈçÆĞ ¡³¬¹¥³ ¥´¨¹ " ¢· ¡³áëÆÌ¡¸ °´«·¢³Ì¡·Ğ ‡Šÿ¿²³¡¸ ¨³ÌæÆĞ¬È" ¦³¨¹ ¨³Ğ²³«¹Ü¥³. \n\n äŒ¢¹åÆÌ æŠ¦¹ëÁØ«¸ ¨³¬Èè»Û²´ «ÈÙëÆĞ «¹Ğäˆ ¥³İªÈÌùÇ ¬³¬ÈçÆĞ ®·Ì®·Ì²È ²³Õ¡È ªÈ¬³É²´Ü¥³.;;;;;;;;;;;;;x
DWT.3031.desc;¥³İªÈÌëÆÌ äŒ¢¹ùÇ «³çÆØ¥³ëÁÌ «ÈÙ«¸ ¡³Ø°³Ì²´Ü¥³. ¥³İªÈÌùÇ ¬³¬ÈçÆĞ «ÈÙ«³Ì ¡ÈâêÁÉ²È ¬ÈÙ«·¢·ãäˆ ²³ÕåÆÌ ¡·ÛëÆÌ ¢·èŠ¢³ ñÆİéÁÌô¿«·Ü¥³. \n\n äŒ¢¹åÆÌ ¥³İªÈÌùÇ ¬³¬ÈçÆĞ ’³Ğ¨¹Ìª· åÁÌëÆĞ îŒ¡¸ –ŒäˆåÆÌ åÁÌèÁĞëÆĞ ñÆĞ¦¹Ü¥³. äŒ¢¹ùÇ åÁÌèÁĞëÆÌ ’µØëÆĞ °³äˆ ñÆĞ¦·¢´¦¹Ü¥³. \n\n ¥³İªÈÌùÇ ²¹Ù©³Éò¼ ¡¹É¦¹«·¦ÈÌ ¨³Ğçˆ ¨³®ÈØ¢´ ¥·ëÁÉ¥· ¬³¬ÈçÆĞ ’³Ğ¨¹Ìª· ¥³İªÈÌ«¸¡¸ ìÆĞ¡·ëÁÌ ¡³Ø¡³Éò¼ ª³¬·İ¡³ØëÆĞ ¬·Ø®³ ª·Ìª³²³«¹Ü¥³.;;;;;;;;;;;;;x
DWT.3032.desc;¬³ØªÈ æ»İ«³Ì ¥³İªÈÌëÆĞ ¡È—Œ¡¸ ²³Ì äŒ¢¹åÆÌ ¨³¬Èè»Û²³¥³åÆÌ æÆÛ«È ¬·Ø®³ åÆİêÁÉ²´¬¹Üäˆ ¥³İªÈÌëÆÌ äŒ¢¹ùÇ ¨·¦ÈçÆĞ éŠ«¹¬³Ùäˆ «ÈÙëÆĞ ©·Ğ¦È¡¸ ²´ª· ±·ØğŒ¬ÈĞëÆĞ ²´¥´«·Ü¥³. \n\n äŒ¢¹åÆÌ êÁØëÆĞ øÄĞêŠ «·ÚåÆÌæÆÛ ®ÈØëÆĞ ñÆĞ¦Èäˆ îˆ«¸ª·åÆÌ î»ÛèÁĞ«È ¢³ù¼Ü¥³. ¥³İªÈÌëÆÌ äŒ¢¹çÆĞ ¥·ëÁÉ ¥³Ì¥³Ì²È ¬³Ùäˆ è»ÉäŠ¨·İ ¡ÈâêÁÉ²È ³¬È ¥³İªÈÌùÇ ¬³¬ÈçÆĞ ‘´¦¹ ©³É«³Ü¥³. \n\n ¨³®ÈØ¢´ ¥³İªÈÌëÆÌ äŒ¢¹ùÇ è»ÉäŠ¨·İ ¡ÈâêÁÉ²È ¬³¬ÈçÆĞ ¨ÈĞ«·¢·ãäˆ ª³¬·İ²³«¹Ü¥³.;;;;;;;;;;;;;x
DWT.3032.option;«·‘´ ¬ÈÌ”³ ¢³Ø¬³ùÇ ¨³Û«È?;;;;;;;;;;;;;x
DWT.3033.desc;¥³İªÈÌ«È ¬·Ğ¬·İ«¸ ¥³çŒäˆ ®·Ì®·Ì²È «ÈÙ«¸ª· ¬³¬ÈçÆĞ ’´¬³ äŒ¢¹åÆÌ ²·Ğ¥·É«È¨¹ ®ÈØæÆĞëÆĞ ñÆĞ¦¹Üäˆ êÁØëÆĞ øÄ¦¹åÆÌ æÆÛ ²´Ü¬È¨³Ì ¥³İªÈÌùÇ ¬·İ«´ÉæÆĞ«È «ÈÙ«¸ª· ˜»Ï«³¬¹ ¢³ëˆ¡È¨³Ì ²´Ü¥³. \n\n äŒ¢¹ùÇ «·ĞäÁĞëÆÌ åÁÌèÁĞçˆ ¬·Şª¹«ÈÜ«·Üäˆ ªÈ¡³Ì«È ‡ŒçŒ¬³ äŒ¢¹åÆÌ «·ĞäÁĞëÆĞ ¬³ªÈÌùÇ ¥³¦Èª³«È«¸ êÁÉ«Èäˆ ëÁĞäˆ«ÈÜ«·Ü¥³. ¥³İªÈÌëÆÌ ©³Ğ¡·ĞëÆØëÆĞ ¡³©¹Ù¡¸ ²³Ì ‡Š ÿÄ±³¦³ØëÆĞ éÁĞ¨¹ äŒä»ÛëÆĞ ’³¬¹¢³ù¼Ü¥³.;;;;;;;;;;;;;x
DWTDoneWithOralRape;See you soon!;;;;;;;;;;;;;x
DWT.3040.desc;As you come to your senses again depart your climax induced heights you notice something odd.\n\nHer body has gone limp and motionless. She even doesn't seem to be sobbing or breathing anymore. You check for signs of life and then realize: She's dead.\n\nThe euphoria you felt after taking her and using her is slowly replaced with sadness and a certain feeling of loss.;;;;;;;;;;;;;x
DWToptionRapeVictimDies;Ah, shit. I'd have done her again.;;;;;;;;;;;;;x

DWT.3100.desc;¥³İªÈÌùÇ [GetFromRelation]  [From.GetTitledFirstName] ¡³ ¬³ØëÆĞ ¬³¥³ åÁÌëÆĞ ‘·Ü¥³. äŒ¢¹åÆÌ ¡³ëÁÌëÆĞ è»Ø«¸ ¡³Ø“³Ì ®´çˆ ëˆ©³ØìÁİ«¸ ª³Ì®´É²³åÆÌ ¡·ÛëÆĞ ì»ã«³²´Ü¥³. \n äŒ¦´ª· ¥³İªÈÌëÆÌ «·åŒ¢³Ğ ©³Ø äŒ¢¹ùÇ ©³İ«¸ è»Ğ¦´ ¡³¡Èçˆ ²³«¹Ü¥³. äŒ¢¹ùÇ ©³İèÁÌëÆĞ «¹Ğ¬³ äŒ¢¹åÆÌ ¥³İªÈÌëÆĞ éˆäˆ å»Ğ¦³Ü¥³. äŒ¢¹ùÇ «ÈÙ«¸ª· ©È¨¹İ«È ¢³ë»Ğ¦¹äˆ ²³«¹Ü¬È¨³Ì ¥³İªÈÌëÆÌ äŒ¢¹ùÇ «ÈÙëÆĞ ê»ÌëŒçˆ ¨³Éäˆ äŒ¢¹ùÇ ©³İ«³ÌëŒçˆ æÆĞ«·¡³ª· äŒ¢¹çÆĞ ®ÈØ¥´«¸ åÁÙ²¹Ü¥³.;;;;;;;;;;;;;x
DWT.3100.vaginal;¥³İªÈÌëÆÌ [From.GetTitledFirstName]çÆĞ ²³Ø¦³É²³äˆ ¬´İûÄ²³¡Èçˆ ²³«¹Ü¥³..;;;;;;;;;;;;;x
DWT.3100.anal;¥³İªÈÌëÆÌ [From.GetTitledFirstName]ùÇ ²³İèÁÌëÆĞ «ÈëÀİ²³¡Èçˆ ²³«¹Ü¥³.;;;;;;;;;;;;;x
DWT.3100.oral;¥³İªÈÌëÆÌ [From.GetTitledFirstName]ùÇ «ÈÙëÆĞ «ÈëÀİ²³¡Èçˆ ²³«¹Ü¥³.;;;;;;;;;;;;;x
DWT.3100.kidding;¥³İªÈÌëÆÌ [From.GetTitledFirstName] ëÆĞ ¢´ÙæŠäˆ ‘·¢³Ü¥³.;;;;;;;;;;;;;x
DWT.3101.desc;Your [GetFromRelation] [From.GetTitledFirstName] has caught your eyes for some time now. You really love the way the gown flows around her luscious body when she gracefully walks the halls, or the way she throws her head back when she laughts. It always lets the blood flow to your nether regions when she does that.\n\nSo one night you finally decide to give her a visit in her quarters. She opens the door and is surprised to see you. Her mouth starts the form the first syllable of a question, but you put your hand over her mouth, force your way into her room, but she starts screaming and resisting.;;;;;;;;;;;;;x
DWT.3102.desc;As you push the door open against her resistance with both hands, she has time to grab a sword, dances three steps back and enters a combat stance.\n\nWith an angry glare she stands in front of you, the tip of the sword poised at you in unsteady hands and says threateningly: 'Don't you dare to lay a hand on me, Sire!';;;;;;;;;;;;;x
DWT.3104.desc;The way she is holding the sword makes it clear that she never had any combat training or experience. It's just bravery and desperation with which she opposes you.\n\nYou plunge forward, dodge her feeble sword thrust at your chest and throw her tumbling to the ground. The sword escapes her hand and clatters away into the darkness.\n\nFor good measure you punch her repeatedly while you sit on her stomach. After a few punches she goes limb and ceases to resist.;;;;;;;;;;;;;x
DWT.3105.desc;The way she is holding the sword makes it clear that she might have had a little combat training or some experience. But it's mostly bravery and desperation with which she opposes you.\n\nYou plunge forward repeatedly, avoiding her slashes and stabs and eventually you manage to grab the wrist with which she is holding the sword. You both tumble to the ground and you hear her gasp.\n\nWhen you look down, you see a lot of blood oozing from the place where the weapon cut her own chest. Blood is gushing over her bosom and face as she screams in pain. Eventually the scream dies off and her body goes limp under you.;;;;;;;;;;;;;x
DWT.3106.desc;The way she is holding the sword makes it clear that she has had combat training and fighting experience. It's not just bravery and desperation with which she opposes you.\n\nYou plunge forward repeatedly, avoiding her slashes and stabs, but during one such evasive actions she slamms the pommel of the sword against your forehead. Dazed and befuddled you fall on your knees.\n\nWhen your senses return, she is gone from the palace and left mutilated or dead guards in her wake. The gate guard reports that she had grabbed a horse and was gone before they could get archers up.;;;;;;;;;;;;;x
DWT.3107.desc;The way she is holding the sword makes it clear that she has had a lot of combat training and fighting experience. It's way more than bravery and desperation with which she opposes you.\n\nYou plunge forward repeatedly, avoiding her slashes and stabs. Eventually you manage to grab the wrist with which she is holding the sword. But before you can disarm her, she pushes into you with all her might. You loose your footing and feel the tip of the sword penetrating your skin, entering between two ribs and a mighty pain explodes in your heart. Then the world goes black.;;;;;;;;;;;;;x
DWT.3108.desc;The struggle with her left you bruised and sweating and all the more aroused. What a feisty little bundle this vixen is.\n\nShe looks at you in fright and openly displayed fear and this arouses you even more.\n\n"Please, leave me alone, Sire!", she wimpers as you rip the dress off her sweating body and push her onto the bed.\n\nWith her skin laid bare, you now contemplate what you are going to do with her.;;;;;;;;;;;;;x
DWT.3108.vaginal;Your cunt is mine!;;;;;;;;;;;;;x
DWT.3108.anal;Your ass is mine!;;;;;;;;;;;;;x
DWT.3108.oral;Time to swallow, bitch!;;;;;;;;;;;;;x
DWT.3108.kidding;Never mind, Mylady.;;;;;;;;;;;;;x
DWT.3110.desc;¥³İªÈÌëÆÌ ¬´’³çŒ¡¸ ë»ÛëÆĞ ©·Ûäˆ ®ÈØ¥´çˆ ¡³ª· ¬³¦ÈçÆĞ ¬³Ù«³Ü¥³. ¥³İªÈÌëÆÌ èŠçÆâëÆĞ •Á×äˆ «³Ğè»ØëÆĞ ¡³Øª³İ²³«¹Ü¥³. ¥³İªÈÌëÆÌ äŒ¢¹ùÇ ïÆÌïÆÌ²³Ì è»Øò¼ ®¸¦¹É«¸ ¡³Ø°³Ì²³«¹Üäˆ ¥· «Èª³İ ¡È¥³¦ÈĞêŠ «·Ú«·Ü¥³. ¥³İªÈÌëÆÌ äŒ¢¹ùÇ ¥³¦ÈçÆĞ ì»Ø ¥· ¢·Ó¡¸ ©·Ğ¦ÈÌ ‡Š ª³Ù«ÈÙ²³Ğ ìÁÌ©ÈçÆĞ ²³«¹Ü¥³. äŒ¢¹¡³ ¬¸©³Ğ ²³¬È¨³Ğ¦³äˆ «´ùÂÌ²³åÆÌ ¡·ÛëÆĞ èŠªÈ²³¨¹Ìª· ¨³Ğ«È¥³. \n äŒ¢¹ùÇ éˆ¬È«¸ «ÈÙäŠ«¸ ¥³İªÈÌùÇ ¬³¬ÈçÆĞ ¡³¬¹¥³ ¥´äˆ ¡³©¹Ù¡¸ äŒ¢¹ùÇ éˆ¬È«¸ ª³Ù«ÈÙ²³«¹Ü¥³.;;;;;;;;;;;;;x
DWT.3111.desc;Her pussy lips strain around the width of the shaft of your manhood and you feel how she resists and struggles under your penetration attempt.\n\nYou lift one of her long legs higher while you nuzzle one of your tits and drive your cock deeper into her warm, wet and resisting snatch.\n\nShe gasps and groans as you worm your way deeper into her body, until you have penetrated her to the hilt. She wimpers and sobs, but now that you are deep inside her, you realize how wonderful she feels around your cock and how lovingly her bosom swells under her strained breaths.;;;;;;;;;;;;;x
DWT.3112.desc;You marvel about the sensations of her tight pussy wrapped so snugly around your manhood, as you start to slowy pull out of her again. She sighs in relief, but once you push back into her this sigh turns into a groan.\n\nWith building speed and momentum you push into and out of her quivering snatch which gets moister by the minute. Your arousal builds and you're thoroughly enjoying the act.\n\nEventually you realize that you are unable to hold your peak back for much longer. For a brief second you contemplate if you rather want to come deep inside her womb, or if you rather should pull out for the release.;;;;;;;;;;;;;x
DWT.3113.desc;No way you're pulling out of this wonderful snatch! You have to feel what it is like to come deep into this marvelous body. Consequences be damned!\n\nShe realizes that you are close and starts to beg you with incoherent mumble and between breathless sobs. That finally sends you over the edge!\n\nWith a loud groan you push as deep into her as you can and let loose torrents of your royal seed into your helpless prisoners snatch. She feels you spurting deep into her womb and lets out a loud and painful wailing. You give her a few more deep thrusts before you pull out. With that her sobs turn into crying.;;;;;;;;;;;;;x
DWT.3114.desc;As much as you'd love to unload deep into this wonderful snatch you don't want to give her the pleasure. Or endure any consequences of that!\n\nYou push deep into her for a final time to enjoy the tightness of her snatch once more, then you pull out and aim your cock at her breast and belly.\n\nWith a loud groan you shower her skin with long, thick streams of your royal seed. Her sobs turn into crying and wimpering and she turns her face away. She doesn't yet dare to wipe your come off her skin, nor does she dare to move.;;;;;;;;;;;;;x
DWT.3120.desc;You turn her around onto her stomach, which gives you better access to what you desire than she actually considered.\n\nYou turn her upper body around by pulling her arm so that she looks at you. Then you position the crown of your manhood at the entrance of her pussy and smear her leaking moisture over it. She wimpers, but that turns into a painful squeal as you reposition your cock at the entrance of her ass and start to push into her.\n\nThe tight warmness of her ass begins to engulf your manhood as you strain to penetrate her further and further.;;;;;;;;;;;;;x
DWT.3121.desc;She screams and moans when you finally bottom out in her ass. Her eyes are wide in shock, disbelieve and disgust.\n\nYou thoroughly enjoy the feeling and start rocking motions to withdraw and push in again and again and again.\n\nShe arches her back and tries to struggle out of your grasp and off your cock, but the more she struggles, the more it arouses you.\n\nThe sensations of her warm and tight asshole and the great view of her round buttocks, small waist and feminine backside brings your arousal to unknown heights.;;;;;;;;;;;;;x
DWT.3122.desc;With her struggle increasing, you grab her arms and fix them between her back and your chest, while you forcefully plunge without pause into her tight ass. Her screams and squeals and cries of pain echo in the dungeon and so do your grunts of lust and pleasure.\n\nEventually you can't hold it back anymore and plunge once more deeply into her. While holding her tight you flood her ass with spurting streams of your royal spunk. Her cries and screams turn into uncontrolled sobbing and wailing and you finally let go of her.;;;;;;;;;;;;;x
DWT.3122.option;«È «·Ğ¨³¢³ ì»ãëÆÌ «·İ¥·İ«È«ÈÌ¡³!;;;;;;;;;;;;;x
DWT.3123.desc;As soon as your cock slips free of her asshole she drops ontp the bed and curls up. With knees bend and hands clutching her tear streaked face she sobs uncontrollably and in shame.\n\nYou give her another long and lusting look, until she looks up and into your eyes with a sadness that words can't describe. Then you realized that there is nothing left to say or do.\n\nWith a grin on your face and a spring in your step you start whistling a tune as you depart.;;;;;;;;;;;;;x
DWT.3130.desc;These luscious lips of hers are fascinating you and you want to feel what pleasures they offer. You move on the bed until you are near her face and she turns away from you. But you turn her onto her side and start to fondle and grope one of her marvelous tits. Meanwhile you guide the tip of your manhood to her lips and say: "Better be good or I'll make you regret the day you were born!"\n\nWith reluctance and fear in her eyes she eventually opens her mouth and her lips briefly brush the crown of your cock for the first time.;;;;;;;;;;;;;x
DWT.3131.desc;You marvel at the sensations that her luscious lips on your manhood cause. With building desire you start to push your cock into her mouth and hold it there.\n\nHer eyes wide in shock and with tears streaming freely, her tongue toches the underside of your cock and starts gliding along it's skin.\n\nUnder your threats and encouragements she finally starts to suck on your manhood and sends flood waves of pleasing sensations along the crown, the shaft and up through every nerve end of your body.;;;;;;;;;;;;;x
DWT.3132.desc;After enjoying her reluctant attempts at pleasing you for a while you decide to fully take charge. Never allowing her to take your cock out of her mouth you help her to her knees, hold her head firmly in your strong hands and start to push in and out of her mouth.\n\nShe gargles and struggles to breathe through her nose as you start to forcefully fuck her mouth and her throat. You slap deep into her and each of these thrusts into her throat makes her go rigid.\n\nEventually you push as deep as you can and with a loud groan unload torrents of seed down her throat and make sure she swallows it all.;;;;;;;;;;;;;x
DWT.3132.option;Like the taste of a real man?;;;;;;;;;;;;;x
DWT.3133.desc;After comming down from your climax you slowly withdraw your cock from her mouth and she gasps and retches with her mouth wide. Trying to grasp for air, but at the same time trying to spit out saliva and your release.\n\nWith a sad face she looks at you in the darkness in obidient silence. With a spring in your step you start whistling a tune as you depart.;;;;;;;;;;;;;x
DWT.3140.desc;As you come to your senses again depart your climax induced heights you notice something odd.\n\nHer body has gone limp and motionless. She even doesn't seem to be sobbing or breathing anymore. You check for signs of life and then realize: She's dead.\n\nThe euphoria you felt after taking her and using her is slowly replaced with sadness and a certain feeling of loss.;;;;;;;;;;;;;x

DWT.3200.desc;Your [GetFromRelation] [From.GetTitledFirstName] has caught your eyes for some time now. You really love the way the gown flows around her luscious body when she gracefully walks the halls, or the way she throws her head back when she laughts. It always lets the blood flow to your nether regions when she does that.\n\nSo one night you finally decide to give her a visit in her quarters. You open the door without knocking and slip in. You find her nude in her bed with her hands working her pussy. She smiles at you and coyly says: "I've been thinking about you, my liege. Care to give me a hand?";;;;;;;;;;;;;x
DWT.3200.vaginal;You decide to plow [From.GetTitledFirstName] snatch;;;;;;;;;;;;;x
DWT.3200.anal;You decide to plow [From.GetTitledFirstName] ass;;;;;;;;;;;;;x
DWT.3200.oral;You decide to take [From.GetTitledFirstName]'s mouth;;;;;;;;;;;;;x
DWT.3200.kidding;You leave [From.GetTitledFirstName] alone.;;;;;;;;;;;;;x
DWT.3210.desc;You quickly shed your robe and with a swift move you enter the bed and slip between her widely spread legs. You push them apart with your knees and take a moment to appreciate her naked body. You marvel at the firmness and fitness of her body and can't wait to claim her.\n\nYou spread her legs a bit wider and she urges you to mount her.\n\nYou position the tip of your cock at the entrance of her snatch. Her moistenend pussy lips part effortlessly, engulfing the tip of your manhood as you slide into her.;;;;;;;;;;;;;x
DWT.3211.desc;Her pussy lips strain around the width of the shaft of your manhood and you feel how she urges you to take her.\n\nYou lift one of her long legs higher while you nuzzle one of your tits and drive your cock deeper into her warm, wet and welcoming snatch.\n\nShe gasps and moans as you enter deeper into her body, until you have completed the union with her. She moans in delight and so do you, as you realize how wonderful she feels around your cock and how lovingly her bosom swells under her expectant breaths.;;;;;;;;;;;;;x
DWT.3212.desc;You marvel about the sensations of her tight pussy wrapped so snugly around your manhood, as you start to slowy pull out of her again. She sighs, but once you push back into her this sigh turns into a moan of pleasure.\n\nWith building speed and momentum you push into and out of her quivering snatch which gets moister by the minute. Your arousal builds as you whisper sweet nothingness into her ear.\n\nEventually you realize that you are unable to hold your peak back for much longer. For a brief second you contemplate if you rather want to come deep inside her womb, or if you rather should pull out for the release.;;;;;;;;;;;;;x
DWT.3213.desc;No way you're pulling out of this wonderful snatch! She seems to have the same inclination and pulls you in for a deep, loving kiss and wraps her long slender legs around you to prevent you from withdrawing. That finally sends you over the edge!\n\nWith a loud groan you push as deep into her as you can and let loose torrents of your royal seed into your willing courtiers snatch. She feels you spurting deep into her womb and comes on your dick as well. You give her a few more loving thrusts and another long passionate kiss before you pull out.;;;;;;;;;;;;;x
DWT.3214.desc;As much as you'd love to unload deep into this wonderful and willing snatch, you don't want to risk it. Or face any consequences of this.\n\nYou push deep into her for a final time to enjoy the tightness of her snatch once more and despite her trying to keep you inside her, you pull out of her and come on her stomach.\n\nWith a loud groan you shower her skin with long, thick streams of your royal seed. She moans and squeals in delight - both from the aftershock of her own orgasm and your hot seed spurting onto her skin. She gives you a long kiss and says: "That was really lovely, my liege!";;;;;;;;;;;;;x
DWT.3220.desc;You turn her around onto her stomach, which gives you better access to her bum and send your hands roving over her ass.\n\nYou turn her upper body around by pulling her arm so that she looks at you. Then you position the crown of your manhood at the entrance of her pussy and smear her leaking moisture over it. She moans in delight, but that turns into a pleased squeal as you reposition your cock at the entrance of her ass and start to push into her.\n\nThe tight warmness of her ass begins to engulf your manhood as you strain to penetrate her further and further.;;;;;;;;;;;;;x
DWT.3221.desc;She loudly moans in pleasure when you finally bottom out in her ass.\n\nYou thoroughly enjoy the feeling and start rocking motions to withdraw and push in again and again and again.\n\nShe arches her back, pushes into you and gyrates her hips which sends waves of pleasure through your dick.\n\nThe sensations of her warm and tight asshole and the great view of her round buttocks, small waist and feminine backside brings your arousal to unknown heights. You continue to plow her lovingly and whisper sweet nothings in her ear.;;;;;;;;;;;;;x
DWT.3222.desc;With both your and her arousal increasing to the point of conflagration, you lovingly continue to plunge without pause into her tight ass. Her squeals of delight and moans echo through the palace and so do your grunts of lust and pleasure.\n\nEventually you can't hold it back anymore and plunge once more deeply into her. While holding her tightly trapped under your body you flood her ass with spurting streams of your royal seed. Her screams of pleasure turn into open mouthed gasps as her own orgasm hits her like a sledgehammer.;;;;;;;;;;;;;x
DWT.3222.option;«È «·Ğ¨³¢³ ì»ãëÆÌ «·İ¥·İ«È«ÈÌ¡³!;;;;;;;;;;;;;x
DWT.3223.desc;After comming down from your climax you slowly withdraw your cock from her ass. You both are soaked in sweat and she breathes open mouthedly as she crawls onto you for a lusting and loving kiss.\n\n"That was outright amazing, my liege!", she gasps between breaths. "We should do this again, soon.", she adds.\n\nYou nod uncomittingly while you rise and don your robe again. With a spring in your step you start whistling a tune as you depart.;;;;;;;;;;;;;x
DWT.3230.desc;These luscious lips of hers are fascinating you and you want to feel what pleasures they offer. You move closer until you are near her face and she looks at you with bright eyes and sligtly opened mouth. She needs no words of encouragement or coaching and dilligently parts her luscious lips to let you slide your manhood into her warm and welcoming mouth.;;;;;;;;;;;;;x
DWT.3231.desc;You marvel at the sensations that her luscious lips on your manhood cause. With building desire you start to push your cock into her mouth and hold it there.\n\nHer eyes widen a bit in surprise but quickly she starts using her tongue on the underside of your cock.\n\nYour groans are her encouragement and she finally starts to suck on your manhood and sends flood waves of pleasing sensations along the crown, the shaft and up through every nerve end of your body.;;;;;;;;;;;;;x
DWT.3232.desc;After enjoying her loving administrations for a long time you decide to fully take charge. Never allowing her to take your cock out of her mouth you help her to her knees, hold her head lightly in your strong hands and start to push in and out of her mouth.\n\nShe struggles a bit to breathe adequately through her nostrils, but manages it fine. You fuck her mouth and she even willingly lets you slide into her throat.\n\nEventually you push as deep as you can and with a loud groan unload torrents of seed down her throat and she willingly swallows it all.;;;;;;;;;;;;;x
DWT.3232.option;Wow! That was great!;;;;;;;;;;;;;x
DWT.3233.desc;After comming down from your climax you slowly withdraw your cock from her mouth and she gasps and breathes with her mouth wide. She throws you a smile as she wipes some spillage from her face and licks it from her hands and fingers.\n\n"You taste good, my liege. Maybe you want to come by more often? I'd love that!", she says longingly.\n\nYou nod uncomittingly while you rise and don your robe again. With a spring in your step you start whistling a tune as you depart.;;;;;;;;;;;;;x

DWT.3300.desc;Your prisoner [From.GetTitledFirstName] has cought your eyes and you start to lust after him. This might also be a great opportunity to excert your dominance over this fine sample.\n\nYou consider if you should follow through with these urges.;;;;;;;;;;;;;x
DWT.3300.kidding;You leave [From.GetTitledFirstName] alone.;;;;;;;;;;;;;x
DWT.3300.anal;You decide to plow [From.GetTitledFirstName] ass;;;;;;;;;;;;;x
DWT.3301.desc;Your prisoner [From.GetTitledFirstName] has cought your eyes and you start to lust after him. This might also be a great opportunity to excert your dominance over this fine sample.\n\nYou consider if you should follow through with these urges, although he looks a bit testy.;;;;;;;;;;;;;x
DWT.3302.desc;You try to grope your prisoner and he resists your ministrations. Somehow during his struggles he manages to grab your daggers from your belt and using you as a shield tries to force his way past the guards.;;;;;;;;;;;;;x
DWTRapeMaleFleesFightHim;You fight against him.;;;;;;;;;;;;;x
DWTRapeMaleFleesEscapeTolerated;You leave him alone ... for now.;;;;;;;;;;;;;x
DWT.3304.desc;After a brief struggle you and your guards subdue the prisoner and with bound arms he is led back to the dungeon.\n\nYou consider what to do with him now.;;;;;;;;;;;;;x
DWT.3305.desc;You dare not to fight him with a dagger grazing your throat, but the master of the hunt comes to your aid and his arrows hit its mark.\n\nYour prisoner sinks to the ground and does his last painful breath.;;;;;;;;;;;;;x
DWT.3306.desc;You dare not to fight him with a dagger grazing your throat and your prisoner and you make it to the gate house. There he knocks you down, grabs one of the horses and is gone before anyone has time to react.;;;;;;;;;;;;;x
DWT.3307.desc;You dare not to fight him with a dagger grazing your throat and your prisoner and you make it to the gate house. There he stabs you through the heart, grabs one of the horses and is gone before anyone has time to react.;;;;;;;;;;;;;x
DWT.3308.desc;With the prisoner back in his cell and properly discouraged from future attempts to resist, you now snuggle up to him from behind and contemplate what you want to do with him.;;;;;;;;;;;;;x
DWT.3308.anal;You decide to plow his ass.;;;;;;;;;;;;;x
DWT.3308.kidding;You leave him alone.;;;;;;;;;;;;;x
DWT.3320.desc;You start roaming the muscular body of your prisoner from behind, marveling at his strength of his firm body.\n\nYou are oblivious to the disgust on his face and your lust mounts.;;;;;;;;;;;;;x
DWT.3321.desc;You nestle your rock hard cock free from your pants and shove it right into your struggling prisoners asshole. He squirms and resists, but you hammer him with firm thrusts.\n\nIt doesn't take long and your cock spurts his hot seed into your prisoners resisting ass.;;;;;;;;;;;;;x
DWT.3323.desc;While you buckle your pants you look over at your prisoner. He's slumped up sobbing on the ground and doesn't dare to look your way or to draw more attention from you.;;;;;;;;;;;;;x
DWT.3340.desc;While you buckle your pants you look over at your prisoner. He's slumped up lifeless on the ground and doesn't seem to breathe anymore. You bend down to check and realize that he's dead.;;;;;;;;;;;;;x
DWToptionMaleRapeVictimDies;Ah, shit. I would have done him again.;;;;;;;;;;;;;x
DWToptionGayMaleComes;Wow! That was great!;;;;;;;;;;;;;x

DWT.3400.desc;Your prisoner [From.GetTitledFirstName] has caught your eyes and seeing his shirtless muscular upper body turns you on immensely.\n\nYou feel your desire rising and know that you want to - have to - have him. If he wants or not.\n\nYou step closer to him he eyes you with caution, but there is also a trace of desire or leering in it. Men, you know them too well. You reach out to touch his chest and consider what you want to do with him.;;;;;;;;;;;;;x
DWT.3400.vaginal;You want [From.GetTitledFirstName]'s cock in your snatch;;;;;;;;;;;;;x
DWT.3400.anal;You want [From.GetTitledFirstName]'s cock in your ass;;;;;;;;;;;;;x
DWT.3400.oral;You want [From.GetTitledFirstName]'s mouth;;;;;;;;;;;;;x
DWT.3400.kidding;You leave [From.GetTitledFirstName] alone.;;;;;;;;;;;;;x
DWT.3401.desc;Your prisoner [From.GetTitledFirstName] has caught your eyes and seeing his shirtless muscular upper body turns you on immensely.\n\nYou feel your desire rising and know that you want to - have to - have him. If he wants or not.\n\nYou step closer to him he eyes you with caution, but there is also a trace of disgust and sneering in it. It doesn't matter to you. You reach out to touch his chest and consider what you want to do with him.;;;;;;;;;;;;;x
DWT.3402.desc;For easier access to his marvelous body you unchain him. Despite his resisting you start to grope his body and force your mouth on his for a demanding kiss.\n\nSuddenly he seems to spot an opportunity and his hand darts to the dagger on your belt. With a quick movement he pulls it free and pushes you away from him.\n\nWith an angry glare he stands in front of you, the dagger poised at you in unsteady hands and says threateningly: 'Don't you fucking dare to lay a hand on me, bitch!';;;;;;;;;;;;;x
DWT.3404.desc;The way he is holding the dagger makes it clear that he never had any combat training or experience. It's just male bravado with which he opposes you.\n\nYou plunge forward, dodge his feeble dagger thrust at your chest and throw him tumbling to the ground. The dagger escapes his hand and clatters away into the darkness.\n\nFor good measure you punch and kick him repeatedly with the pommel of your sword, while your other holds his head in a vise. After a few punches he goes limb and ceases to resist.;;;;;;;;;;;;;x
DWToptionNowYouReMine;Where were we before you got feisty?;;;;;;;;;;;;;x
DWT.3405.desc;The way he is holding the dagger makes it clear that he might have had some combat training or experience. It's a little more than just male bravado with which he opposes you.\n\nYou plunge forward repeatedly, avoiding his stabs and dagger thrusts and eventually you manage to grab the wrist with which he is holding the dagger. You both tumble to the ground and you hear him gasp.\n\nWhen you look down, you see a lot of blood oozing from the place where the dagger stabbed his chest blood is gushing from the gash while he screams in pain. Eventually the scream dies off and his body goes limp.;;;;;;;;;;;;;x
DWT.3406.desc;The way he is holding the dagger makes it clear that he sure has had combat training or experience. It's a quite a bit more than just male bravado with which he opposes you.\n\nYou plunge forward repeatedly, avoiding his stabs, but during one such evasive actions he slamms the pommel of the dagger against your forehead. Dazed and befuddled you fall on your knees.\n\nWhen your senses return, he is gone from the dungeon and left mutilated or dead guards in his wake. The gate guard reports that he had grabbed a horse and was gone before they could get archers up.;;;;;;;;;;;;;x
DWT.3407.desc;The way he is holding the dagger makes it clear that he is an experienced fighter. His openly displayed bravado is backed by agility and skills honed in countless battles.\n\nYou plunge forward repeatedly, avoiding his stabs and dagger thrusts. Eventually you manage to grab the wrist with which he is holding the dagger. But before you can disarm him, he pushes into you with all his might. You loose your footing and feel the dagger penetrating your skin, entering between two ribs and then a mighty pain explodes in your heart. The world goes black on you ...;;;;;;;;;;;;;x
DWT.3408.desc;The struggle with him left you bruised and sweating and all the more aroused. What a cunning and enganging man this is!\n\nEven defeated he looks at you with a testiness and contempt that need to be overcome.\n\n"Leave me alone!", he groans as you strip the last vestiges of his prison clothes off his sweating body.\n\nWith his skin laid bare, you then contemplate what you are wanting to do with him.;;;;;;;;;;;;;x
DWT.3408.vaginal;Now go ahead and fuck me!;;;;;;;;;;;;;x
DWT.3408.anal;Fuck my ass, bastard!;;;;;;;;;;;;;x
DWT.3408.oral;Time to put those lips to use!;;;;;;;;;;;;;x
DWT.3408.kidding;Back to your cell, bastard!;;;;;;;;;;;;;x
DWT.3410.desc;You oogle your struggling prisoner once more and marvel at the firmness and fitness of his body. His manhood is already mostly erect and in your skillfull hands it quickly swells to it's full length and girth.\n\nYou straddle your prisoner and guide his rock hard cock to the entrance of your moist cunt, where you wiggle it in your oozing wentness.\n\nYour victim moans, but you are too lost in your lusting to pay attention to him and position the tip of your cock firmly at the entrance of your snatch. When you push down, your pussy lips part effortlessly and you can start to feel him slip inside you.;;;;;;;;;;;;;x
DWT.3411.desc;Your pussy lips strain around the width of his manhood and you feel how he struggles under your attempt to penetrate yourself on his hard cock.\n\nWith deliberate slowness you impale yourself on his straining dick, enjoying thoroughly how he stretches your sensitive innards and fills the void that you so often feel in yourself.\n\nWhen your glistering wet labias meet his pelvis at the end of he penetration, you both moan. He utters a lustful but angry roar, you let out a delighted moan. For once you feel full, but you still lack the fulfillment. With that thought in mind you start to ride him.;;;;;;;;;;;;;x
DWT.3412.desc;You marvel about the sensations that his rock hard cock causes in your pussy and how well he fits you. He sighs in relief as you raise your hip and let him slide out a bit. But once you push back down on him this sigh turns into a groan.\n\nWith building speed and momentum you ride him and your quivering snatch gets moister by the minute. Your arousal builds and you're thoroughly enjoying the act.\n\nEventually you realize that you are unable to hold your peak back for much longer, nor can he. For a brief second you contemplate if you rather want him come deep inside you, or if you dismount him.;;;;;;;;;;;;;x
DWTRapeGetCreampie;äŒ¡³ ¥³İªÈÌùÇ «³Ì«¸ ª³¬·İ²³¡¸²³Ì¥³.;;;;;;;;;;;;;x
DWTRapeGetNoCreampie;äŒ¡³ ¥³İªÈÌùÇ ©³Ê«¸ ª³¬·İ²³¡¸²³Ì¥³.;;;;;;;;;;;;;x
DWT.3413.desc;No way you're getting off this marvelous dick! You wonder what it'll feel like to have him shoot his seed deep into your womb and if you can feel the spurts.\n\nHe also realizes that he is close to comming and tries to warn you. But you just smile while you pull up a bit higher on his cock and then slam back down on him as forceful as you can while you let your pussy muscles do their magic. That sends both of you over the edge.\n\nYou scream in pleasure while groans as he unloads torrents of his hot seed deep into your hungry cunt. You can feel every single spurt as your own orgasm ripples through you.;;;;;;;;;;;;;x
DWT.3414.desc;As much as you'd love to him unload his spunk deep into your snatch you don't want to give him that pleasure or privilege. Nor do you want to endure any consequences of that!\n\nYou impale yourself once more onto him to feel him for a final time deep in your snatch. Then you dismount him and quickly turn around and give him a few full sucks with your mouth.\n\nWith a loud groan he fails to hold back and starts to spurt his seed into your mouth. You swallow some of it, but let him shoot the rest of it all over your face. Thick streams of his sead start to cover your cheeks and forehead.;;;;;;;;;;;;;x
DWT.3420.desc;You get on your knees and ellbows and indicate your prisoner that you want him in your ass. He hesitates for a moment, but you know that next to no man can resist the view of your backside with parted legs.\n\nYou wiggle your hips once more and then he comes forward. His hand is firmly wrapped around his hard cock and it seems to guide his way. He steps between your legs, goes on his knees and nestles his cock at the entrance of your ass. Skillfully he wets it in your pussy juices and with a whispered curse he starts to push his manhood into you.;;;;;;;;;;;;;x
DWT.3421.desc;äŒùÇ ¬³¬È¡³ ¥³İªÈÌùÇ äŒä»Û«¸ ¨È•Œ¦·¬¹ æÆĞ«·¡³¬³ ¥³İªÈÌëÆÌ ªÈÌëÆØ²³«¹Ü¥³. ¥³İªÈÌëÆÌ ®·Ì®·Ì²È ¥·ëÁÉ ¡Èâ¡¸ ¬³¬ÈçÆĞ éŠ«¹¬³Ùäˆ ¨ÈĞ«·¢·ã«·Ü¥³.  è»ØëÆĞ ôÄçˆ ¬·Ş²ÈäˆåÆÌ «·İ¥·İ«ÈçÆĞ ñÆÌæÆĞ¨¹ äŒù¼ ²³Ø¸ ìÆĞ¡·ëÁØëÆĞ åŒ¹Ü¥³. äŒùÇ ¥³Ì¥³Ì²³Ì ¬³¬ÈùÇ ¡³Ø¡³ÉëÆÌ ¥³İªÈÌ«¸¡¸ äˆæˆùÇ ñÆİéÁÌëÆĞ ¡³¬¹¥³ ìŠ«·Ü¥³. ¥³İªÈÌëÆÌ ©ÈêŒæÆØ²È äŒçÆĞ ©³¦³éˆ¨¹ ®¹¥³éˆ«³Üäˆ äŒåÆÌ ¥³İªÈÌëÆĞ •ÆĞ«·¥³İ¡¹Ü¥³. ;;;;;;;;;;;;;x
DWT.3422.desc;With both your and his arousal increasing to the point of conflagration, you still let him plunge without pause into your tight ass. His strained moans and groans echo through the palace and so do your squeals of lust and delight.\n\nEventually you can't hold it back anymore and a final wiggle of your clit with your finger sends you over the edge. Your contracting pussy muscles send ripples of pleasure through your body, which also cause him to loose his control. While holding him snug tightly deep in your ass you let him unload torrents of his seed deep into your body.;;;;;;;;;;;;;x
DWT.3422.option;Wow! That was great!;;;;;;;;;;;;;x
DWT.3423.desc;After comming down from your climax you slowly unmount from his cock and let him slide out of your ass. You both are soaked in sweat and he breathes open mouthedly as you crawl in front of him, showing him how his release starts to flow out of your ass.\n\n"You did me real good!", you say and give him a lusty wink over your shoulder. "We should do this again, soon.", you add.\n\nHe just shakes his head while you rise and don your clothes again. With a spring in your step you start whistling a tune as you depart.;;;;;;;;;;;;;x
DWT.3430.desc;You oogle your prisoner with amused curiosity and wonder if he has it in him to make you come with his mouth. You sure have an itch that needs scratching. So you grab him by the hair and pull his face into your crotch.\n\nHe resist at first and starts protesting, but you smother these protests by pushing his face firmly into your crotch.\n\nAt last he opens his mouth and wraps his lips over your pussy and his tongue - reluctantly - starts to lick you. After a few minutes you realize that he has some potential and your arousal builds.;;;;;;;;;;;;;x
DWT.3431.desc;He still needs encouragement, so you force him flat on the ground and firmly position your snatch over his face. This time he willingly starts to lick you and even mounts the courage to worm his tongue into your love canal. But withdrawing every now and then to not neglect your your clit.\n\nYou allow your prisoner to use one hand to give his strained and aching cock some release, too. The sight of this also helps you to build up more of your arousal. Then he hits just the right spots all at once and you moan and squeal on unsteady legs.;;;;;;;;;;;;;x
DWT.3432.desc;You need to lay down for the finale if he continues like this. So you change positions and let him climb between your legs. You guide his tongue and mouth to all the right places with your hand firmly guiding his head.\n\nHe struggles a bit to breathe between your legs, but manages to do so without having to withdraw his tongue from your snatch.\n\nEventually he hits all the right spots at the right time and you scream in pleasure as the waves of a tremendous orgasm ripple through your body.;;;;;;;;;;;;;x
DWT.3433.desc;It takes you several long moments to come down from your orgasmic heights and to gather your senses again. You are quite pleased with your prisoners performance and let him know that.\n\nHe just shrugs as he wipes your pussy juices off his face and points to his still rock hard cock. He had not come yet.\n\nYou give him a broad smile and crawl over to him. With one swift movement you take him into your mouth and quickly suck him off until he unloads in your mouth. "Can't let that go to waste!" you giggle and send him back to his cell.;;;;;;;;;;;;;x
DWT.3440.desc;While you adjust the folds of your dress you look over at your prisoner as he hasn't moved yet.\n\nThen you notice that he's slumped up lifeless on the ground and doesn't seem to breathe anymore.\n\nYou bend down to check and realize that he's dead.;;;;;;;;;;;;;x
DWToptionMaleRapeVictimDies;Ah, shit. I would have done him again.;;;;;;;;;;;;;x

DWT.9999.desc;Lilith has granted you the ultimate powers that she might bestow on mortals. Use them wisely.;;;;;;;;;;;;;x
DWT.9999.option;Uhm ... thanks, I guess!;;;;;;;;;;;;;x

DWT.3500.desc;¥³İªÈÌùÇ [GetFromRelation] [From.GetTitledFirstName] åÆÌ ¬³ØªÈ åÁÌëÆĞ ‘·ÜêÆÙ¢È¥³. äŒùÇ «³â«¸åÆÌ ¥³İªÈÌùÇ ÿ¼İñ»Ğ²³Ì ëÁØ¬ÈÉ«ÈØ«È éˆ«¹ÜêÆÙ¢È¥³. äŒåÆÌ äŒ èˆêÆÙëÆĞ éˆ¨¹ éˆ¡È ì»ã¡¸ ¨Èêˆ¬È«·ÜêÆÙ¢È¥³. ¥³İªÈÌëÆÌ «³Ğè»ØëŒçˆ ®ÈØ¥´«¸ åŠùÂ äŒçÆĞ ¥·ëÁÉ å»Ğ¦³¡¸ ²³«¹Üäˆ ¥³İªÈÌëÆÌ ëÁÛëŒ¨¹ ¨³Ğ²³Ù¢È¥³ " ¢³ù¼ ²³Ø¸²³äˆ ªÈâ«·?" ;;;;;;;;;;;;;x
DWT.3500.vaginal;äŒ«¸¡¸ ¬·İª³İùÄçˆ ²³Ğ¡·Ì¬È èÁĞ«·é»Ì¥³.;;;;;;;;;;;;;x
DWT.3500.anal;äŒ«¸¡¸ ‡Š©´ùÄçˆ ²³Ğ¡·Ì¬È èÁĞ«·é»Ì¥³.;;;;;;;;;;;;;x
DWT.3500.oral;äŒçÆĞ åÁÙ²Èäˆ ë»Ğ¦³°³Ì¥³.;;;;;;;;;;;;;x
DWT.3500.kidding;ª³ªÈĞ... ©¹Ğçˆ ²³äˆ ªÈâ¬È «³Î«³.;;;;;;;;;;;;;x
DWT.3510.desc;¥³İªÈÌ«È ¬³ª¸çÆĞ ¬³Ùäˆ «ÈÜëÆĞ‘´ å»Ğ¦³ĞêŠ ©³Ï¡¸ «·Ú«·Ü¥³. äŒåÆÌ ¡³Øª³²³¥³åÆÌ æÆÛ«È ¬´’³çŒ¡¸ äŒùÇ ë»ÛæÆĞëÆĞ ©·Û¡È ªÈ¬³É²´Üäˆ ¢·Ó¡¸ ±¹Ğ®¹¬ÈÌ ¥³¦Èª³«ÈçÆĞ éˆ«È¨¹ ®ÈØ¥´çˆ ¥³Ğ¦¹æÆĞ«·Ü¥³. äŒåÆÌ ê»ÌëÆĞ ëÁØ¬ÈÉ«È¨¹ ¡³êÆØëÆĞ ñÁ×äˆ ’³Ğ¡È ªÈ¬³É²´Ü¥³. ¬·ÌÿÇ¡³ •Æá¢³Ì ‡Š äŒåÆÌ æÆİëÆĞ æ»Ğ¦¹ ®·Ì®·Ì²È ¬³¬ÈçÆĞ ª³Ù«ÈÙ²³Ğ ìÁÌ©ÈçÆĞ ²³«¹Ü¥³. äŒåÆÌ ¬³ªÈÌùÇ ¬³¬È •Æá éŠéÁÌëÆĞ éˆ¬È«¸ ¡³¬¹¥³ ¥´äˆ ®·Ì®·Ì²È ª³Ù«ÈÙ²³¡È ªÈ¬³É²´Ü¥³. äŒ¡·ÛëÆÌ «¹ë‹ç»Ù¡¸ ¥³İªÈÌùÇ éˆ¬È«¸ ª³Ù«ÈÙô¿«·Ü¥³.;;;;;;;;;;;;;x
DWT.3511.desc;¥³İªÈÌëÆÌ ¡³êÆØëÆĞ ¨³Ì¬¹¬È¨¹Ìª· ¡ÈâêÁÉ²È «³Ì«¸ ©³É²ÈÌ ¬³¬ÈçÆĞ åŒÈ¨¹ îÆÌêˆ¦Èçˆ ªÈÌëÆØ²³«¹Ü¥³. ¥³İªÈÌëÆÌ ù¼Ì¬·Ì²È äŒ åŒÈØëÆĞ ìÆĞ¡È¡È ªÈ¬³É²´Üäˆ äŒçÆĞ ¥·ëÁÉ éŠ†Š¡¹Ü¥³. äŒåÆÌ «È¡·ÛëÆĞ ì»ãëÆÌ ªÈÌ‡ˆçˆ ©³Ï«³æÆĞ«Èäˆ ¨È®ÈÌæÆÛ«È ±ÈêŒï»Ì¬ÈĞëÆĞ ²³¡È ªÈ¬³É²´Ü¥³. «È ¨³®³ĞëÆÌ ¥·ëÁÉ¥· ¡¹É¦¹Ğ²³¡¸ ©³šÄ«·Ü¥³. ¥³İªÈÌëÆÌ äŒ¡³ ¡Èâ¡¸ ®ÈØïŠ²³åÆÌ ¡·Û«È ëˆçŒ¡³êÆØëÆĞ åŒÈĞ¬·İæˆùÇ ìÆĞ¡·ëÁØëÆĞ åŒ¹Ü¥³. «È ¡³Ø¡³Éò¼ äŒùÇ «ÈÙ«¸ª· ¢³ëˆåÆÌ ªÈÌëÆØêˆ¦ÈåÆÌ ¥³İªÈÌùÇ ¨³ëÆØëÆĞ ¥·ëÁÉ ÿÄæÁĞ¦·Ü¥³.;;;;;;;;;;;;;x
DWT.3512.desc;¥³İªÈÌò¼ äŒùÇ ª¸ÉêŒ¡³ ¥·ëÁÉ ¡¹É¦¹Ğ²´¬¹¡³Ü¥³. ¥³İªÈÌùÇ ¡È—ÆØùÇ ªÈÌëÆØêˆ¦ÈåÆÌ äÁİ¬·Ì«¸ ëÁĞ¦¹±·¬¹Ü¥³. äŒ¦Èäˆ äŒ –ˆ²³Ì ¬·İëÀÉò¼ ìÆĞ¡·ëÁØ«¸ ®³éˆ«¹Ü¥³. ¡¹ĞäÁÉ ¥³İªÈÌëÆÌ ÿ¼Ìª³İ¬·É«ÈÌ ¬·Ğ¬·İ«È «·Ğ¨³ ¢³Ø¬È «³Î«³Ü¥³åÆÌ¡·ÛëÆĞ ´¥³Ğ«³Üäˆ äŒùÇ ¬³¬ÈçÆĞ ¥·ëÁÉ «³Ì™»É ¡ÈâêÁÉ²È ª³Ù«ÈÙ²³¨¹ äŒ¡³ «·‘·ã¡¸ ª³¬·İªÈ¯ÈĞ¬È ª´İ¡³É²´Ü¥³.;;;;;;;;;;;;;x
DWT.3513.desc;¥³İªÈÌëÆÌ äŒ«¸¡¸ ¥·ëÁÉ ¡ÈâêÁÉ²È ¢·ã«·¥³Ğ¦³äˆ ë‰äŠ²³«¹Ü¥³. äŒ¡³ ¥³İªÈÌùÇ «³Ì«¸ ¡ÈâêÁÉ²È ¨ÈĞ«·¢·ã¬³ ¥³İªÈÌëÆÌ ‡ŒåŒÈ¨¹ åŒ¹Ü¥³. äŒ¡³ ä»Ï ª³¬·İ²³Ğ¡· ¡³á«³ ¬³¬ÈçÆĞ ’´¢´¦¹äˆ ²³åÆÌ êÁÌ¡³Ì ¥³İªÈÌëÆÌ äŒ¡³ ’´¢´¬È è»Û²³¡¸ ¬³¬ÈçÆĞ ¥³ªÈ ¨ÈĞ«·¢·ã«·Ü¥³. äŒ êÁÌ¡³Ì ¥³İªÈÌùÇ «³Ì«¸åÆÌ ¬³ÉëÆÌ ‘·Ğ¦ÈØò¼ ²³Ø¸ ¥·ëÁÉ ±´İ®³İ²³Ì ¬³¬È¡³ ª³¬·İ²³åÆÌ¡·ÛëÆĞ åŒÈĞêŠ «ÈÜ«·Ü¥³. äŒùÇ ¬·İ«´É«È ¥³İªÈÌùÇ ¬³äÁİ«³ÌëŒçˆ æÆĞ«·¡³¨¹Ìª· ¨³®ÈØ¢´ ¥³İªÈÌæˆ ¬·Ğ¬·İ«¸ «ÈçŒ¦·Ü¥³.;;;;;;;;;;;;;x
DWT.3514.desc;¥³İªÈÌëÆĞ ¨³Ìì»ÉªÈ¯ÈåÆÌ ¡·ÛëÆÌ ¬·İ¨³Ğçˆ ³¥³çˆëÁÌ «ÈĞ«È«¹Ü¥³. ¥³İªÈÌëÆÌ ¥³ªÈ ²³Ì©·Ì äŒ«¸¡¸ ª³Ù«ÈÙ²´¥³Ğ¦³äˆ ìˆçŒ¡È ªÈ¬³É²´Üäˆ ¥³ªÈ äŒùÇ ¬³¬ÈçÆĞ ëÁØ¯¹ ¬³Ù«³Ü¥³. «µİê»ÌëŒçˆ äŒùÇ ¬³¬ÈçÆĞ ¬³ÙäˆåÆÌ «ÈÙêÁĞëÆĞ ¡³¬¹¥³ ¥´äˆåÆÌ ’³Ğ«³¥´¡È ªÈ¬³É²´Ü¥³. «ÈÙ«È äŒùÇ ¬³¬ÈçÆĞ ñÁ×«·¢´¨¹ ¥³İªÈÌëÆÌ ®ÈØëÆĞ ñÆĞ¦È¨¹ äŒùÇ ¬³¬ÈçÆĞ ¨È•Œ¦·Ù¡¸ ¨³ÌæÆĞ«·Ü¥³. ¥³İªÈÌ«È äŒ¡·ÛëÆĞ ’³Ğ¥´ äŒåÆÌ ªÈÌëÆØêˆ¦ÈçÆĞ ¢´«·Üäˆ ä»Ï ¬·Ğ¬·İ«¸ ¥³¥³¦³ äŒùÇ ¬·İ«´É«È «ÈÙ«¸ —Š¦¹¬È¡È ªÈ¬³É²´Ü¥³. ;;;;;;;;;;;;;x
DWT.3520.desc;¥³İªÈÌëÆÌ èŠçÆâò¼ ±³ĞëÆĞ äÁÙ²Èäˆ «·İ¥·İ«ÈçÆĞ éˆ«È¨¹ äŒçÆĞ ùÂÌ²³Ì¥³åÆÌ ¡·ÛëÆĞ éˆ«¹ìŠ«·Ü¥³. äŒåÆÌ ¬³ØªÈ ìŠ¬·²³«¹Ü¬È¨³Ì «È¢´ ¥³İªÈÌùÇ ôÄçˆ ¡³ª· ¡Èÿ¿çÆĞ ¬³ÙëÆÌæÆÛ «³ÌëŒ¨¹ ¡³êÆØëÆĞ ìŠèŠçŒäˆ ê»Ì¡³¦³ÉëÆĞ «ÈëÀİ²´ ¬·Ş•»É¬ÈçÆĞ èÁÌ¬ÈĞ¦·Ü¥³. ¥³İªÈÌëÆÌ ¡È—ÆØ«¸ ¬ÈĞ¦È¨¹ äŒ«¸¡¸ ¯ÈêŒçÆĞ ²³«¹Ü¥³. ¥³İªÈÌùÇ ôÄ«¸ª· äŒùÇ ¥³Ì¥³Ì²³Ì ¬³¬È¡³ åŒ¹¬¹Üäˆ îŠ±·«´ÉëÆĞ ñÆĞ¦ÈåÆÌ ¬·ŞëÆÌ ¬³¬ÈçÆĞ ¥³İªÈÌëÆÌ ²³Ìê»ÌëŒçˆ ¬³Ùäˆ ¥³İªÈÌùÇ «·İ¥·İ«È äŠ¨·İ«¸ ùÄ®ÈçÆĞ ¬³Ù«³Ü¥³.;;;;;;;;;;;;;x
DWT.3521.desc;You loudly moan in pleasure when he slides in as far as he can reach and bottoms out in your ass.\n\nYou thoroughly enjoy the feeling and start to push back into his thrusts as he penetrates you again and again and again.\n\nYou arch your back, gyrate your hips and let his poundings send send waves of pleasure through you.\n\nThe sensations of his hot and hard dick in your ass brings your arousal to unknown heights. You roll onto your side and pull him with you, so that he can hammer you sideways while you diddle your cunt with your fingers.;;;;;;;;;;;;;x
DWT.3522.desc;¥³İªÈÌò¼ äŒ¡³ ¬·Ø¬·Ø ê»ÉæˆçÆĞ ¢´«·Üäˆ äŒùÇ ¡ÈÌ¬³İô¿Ì ªÈÌëÆØêˆ¦ÈåÆÌ äÁİ¬·Ì«¸ ëÁĞ¦¹ ±·¬ÈåÆÌæÆÛ ²´Ü¥³. ¥³İªÈÌëÆÌ ê»Ì¡³¦³ÉëÆĞ «ÈëÀİ²´ ¥³İªÈÌùÇ îÆĞ¦ÈêŒï»ĞëÆĞ èÁÌ¬ÈĞ¦·Üäˆ ®·Ì®·Ì²È ¬·Ğ¬·İ«¸ «ÈçŒ¡¸ ²³«¹Ü¥³. äŒ –ˆ²³Ì ï»İ¬¸¦¹ÉëÆĞ «È×ëÆÌ æÆÛ ¥³İªÈÌùÇ «·İ¥·İ«ÈçÆĞ š¼É éŠ«¹¬³ÙäˆåÆÌ ¨È®ÈÌæÆÛ«È ñÆÌæÆĞ¨¹ ¥³İªÈÌùÇ è»Ø «³Ì«¸ ¡ÈâêÁÉ²È ¬·İ«´ÉëÆĞ ¢´«·Ü¥³.;;;;;;;;;;;;;x
DWT.3522.option;ù¼ëŠ! «È¡·Ì¬·İ¨³Ğ ¥´¥³Ì²³Ì¥¸!;;;;;;;;;;;;;x
DWT.3523.desc;¥³İªÈÌ«È ¬·Ğ¬·İ«¸ «ÈçŒäˆ ¢³ª· ®·Ì®·Ì²È äŒùÇ ¬³¬ÈçÆĞ ’´¢´«·Üäˆ, ¥³İªÈÌò¼ äŒ æÁĞ¥³ ‘³Ø«¸ ñÆØ’·É ¬·Ş«·«ÈÜ«·Ü¥³. ¥³İªÈÌùÇ ²³İèÁÌ«¸åÆÌ äŒùÇ ¬·İ«´É«È ®·Ì®·Ì²È ñÆĞ¦·¢´¦È¨¹ «·Ğ¨³¢³ ¡¹É¦¹Ğ²´ÜåÆÌ¬ÈçÆĞ éˆ«¹ìŠ«·Ü¥³. "¥³İªÈÌëÆÌ ¬·İ¨³Ğ ì»ã«³Ü«·ë‰!" ¦³äˆ ¨³Ğ²³¬³ «·´¢·¨·çˆ " ä»Ï ¥³ªÈ ²³æˆç»É ²³ì‰" ¦³äˆ ¥´¥³Ù²´ìŠ«·Ü¥³. ëŠ¦ÈåÆÌ «ÈÙ¨³ŞíÁØëÆĞ ²³äˆ ¥³ªÈ ë»ÛëÆĞ «ÈÙ¡È ªÈ¬³É²´Ü¥³.;;;;;;;;;;;;;x
DWT.3530.desc;Your courtier stands still as if lightning had struck him. You realize that he might need some more encouragement, so you get out of the bed and cozy up to him. You seductively press your bosom into his strong shoulder and let your hands roam his body, loosening his straps and widening your access to his bare skin underneath.\n\nEventually your hand slides into his pants and help to free his rising manhood from its textile trappings.\n\nTentatively he starts to reach out and cups one of your breasts lightly in his hand. You moan and encourage him to continue.;;;;;;;;;;;;;x
DWT.3531.desc;You guide him over to the bed and help him to shed the last of his clotes before you make him sit on the edge of the bed. With a luscious smile you knee down between his legs and take his raging boner in both hands. After massaging it a little, you bring your head closer.\n\nYou blow your breath on the tip of his cock and then let your tongue run along the underside of the shaft of his straining manhood. Your subject mourns with lust and desire.;;;;;;;;;;;;;x
DWT.3532.desc;You marvel about the surge of power that rushes through you whenever you so skillfully apply your skills to pleasure a mans cock. Your pussy can give them delight, but your mouth and tongue make them melt like wax in firestorm.\n\nYou suck, tease and massage with your tongue and lips. You even let him slide into your throat. When you realize he is close to come, you impale your mouth and throat on him and let him shoot his spunk as deep into your mouth as possible. He comes so much, that some of it escapes your mouth and drops down onto your bosom.\n\nYou keep most of it in try to swallow it all.;;;;;;;;;;;;;x
DWT.3533.desc;You hold him deep inside your throat for as long as you can hold your breath, but then it gets too much and you pull back with a loud gasp and gurgle.\n\nHis cock flies out of your mouth and gobs of his semen that you didn't yet manage to swallow fly with it. After filling your lungs with air again you give him a lustful smile and wipe the spill and overfill of his semen off your face with your bare hands. Your courtier looks at you in utter amazement and with a deep look of satiation and appreciation.\n\n"Mylady?", he says. "You are one of a kind!";;;;;;;;;;;;;x
DWT.3550.desc;Your courtier stands still as if lightning had struck him. You realize that he might need some more encouragement, so you get out of the bed and cozy up to him. You seductively press your bosom into his strong shoulder and let your hands roam his body, loosening his straps and widening your access to his bare skin underneath.\n\nWith that he bolts back three steps and raises both hands in front of him. "No, Mylady! We should *not* do this. I'm sorry, but I can't!"\n\nHe quickly turns around and bolts from your room while trying to make his clothes presentable again, apologizing until the door has long close behind him.;;;;;;;;;;;;;x
DWTMaleCourtierNotWilling;You ungrateful bastard ...;;;;;;;;;;;;;x

DWT.8000.desc;¡ÈĞäˆ ±Èä»Ì²³Ì ğˆùÄ ä»İ¡¹É«È «ÈÜëÆÌ ‡Š«¸ ¥³İªÈÌò¼ ¥³İªÈÌ éŠ²³æÆĞëÆÌ ğˆùÄô¿Ì ¬·İ®³ÉçÆĞ ¬·Ø¦¹İ²³«¹Ü¥³. ¥³İªÈÌëÆÌ ©¹ÉëÆĞ ¢·Ø«· ®·ëÆØëŒçˆ ìˆ¬ÈÉ¬·É«ÈÌ ¬·²³İ«È ¨·ØíÁĞ‘´³¬È ¬·ÉæÆĞëÆĞ ìÁÉ«¹¢³¡³Ü¥³. ¥³İªÈÌëÆÌ ù¼Ì¬·Ì²È èŠ«³¬È¡¹İëŒçˆ éÁÌåˆ²³«¹Ü¥³. äŒ¦·¢³ ®·ëÆØëŒçˆ ¡·ØëÆÌ ¬ÈÙ«·¢·ãäˆ åÁÌëÆĞ ¨³ìŠ®ÈÙ¢È¥³. «ÈÌî‹©·êŒùÇ ¡³Ø¡³ÉëŒçˆ ìŠùÄ«¸ª· êÁĞëÆĞ ¨³ªÈäˆ «ÈÜ¥·Ì ìˆëÀİ²³Ì ®·¢¹çÆĞ ©³¦³éˆ¡¸ô¿«·Ü¥³. ¬·Ì¦ÈğÁØëŒçˆ «¹¬³çÆĞ ¢³Ù®È²´ª· «¸¢·¬ÈçÆĞ ®´ëÁĞ ª´İ¡³ÉëÆĞ ²³«¹Ü¥³.;;;;;;;;;;;;;x
DWT.8000.optBS;"¢³åÆÌ ¡³¬³İ «È—ÆÌ¬³çÆĞ «·Ï«·«µ¡¸Ü«·.";;;;;;;;;;;;;x
DWT.8000.optFair;"I take that fair one.";;;;;;;;;;;;;x
DWT.8000.resteficken;"¬·¡·ÛëÆĞ ¡³¬Èäˆ ªÈâäÁÌ.";;;;;;;;;;;;;x
DWT.8000.optNeg;"«³¢È, è»Ûª´İ¡ÈÌ ¡·ÛæÆĞëÆÌ ±ÈĞë‰«·Ú«·!";;;;;;;;;;;;;x
DWT.8001.desc;®³éÁÌ²³¡¸ ¬·İ®³É¬ÈçÆĞ ¡·ĞëŒ¨¹ èŠª·Ùäˆ ‡ˆ¡ÈªÈØ ¨³ÎëÆÌ åÁÌëŒçˆ ¥³İªÈÌëÆÌ äŒ¢¹çÆĞ ¡³¦È¯¹Ü¥³. äŒ¢¹¡³ ¥³İªÈÌùÇ «³â«¸ ë»Ğ¡·ÛëÆĞ ¨¹İ¦¹İ²³«¹Ü¥³.\n  ¥³İªÈÌëÆÌ äŒ¢¹ùÇ ¡³êÆØò¼ è»ØæÆĞëÆĞ ë‹¦ÈÌ²³¨¹ äŒ¢¹çÆĞ ¥³ªÈ ²³Ì©·Ì ¥³İªÈÌùÇ ¡·ÛëŒçˆ «·‘·ã¡¸ ¨³ÌæÆĞ¬È íÁİéÁÌ²È ª´İ¡³É²´éˆ«³Ü¥³. \n \n äŒ¢¹çÆĞ «·åŒ¬·İæˆ ±³Ì¥³Ì²³Ì ‡Š «È¬¸ ¡¹Ğ¬·İëÆĞ ¢´¦È¡Èçˆ ²³«¹Ü¥³.;;;;;;;;;;;;;x
DWT.8001.opt;"Let's dance!\n\nROOT: [Root.GetTitledFirstName]\n\nFROM: [From.GetTitledFirstName]";;;;;;;;;;;;;x

DWT.8001.vaginal;äŒ¢¹«¸¡¸ äŠªÈÉ¬·É«ÈÌ ©³İ©·ÙëÆĞ ª³ëÀİ²³¡Èçˆ ²³Ì¥³.;;;;;;;;;;;;;x
DWT.8001.anal;¥³İªÈÌëÆÌ äŒ¢¹ùÇ ôÄçˆ ¡³ª· ©³ÉëÆĞ ìÁÌ©ÈçÆĞ ²³Ì¥³.;;;;;;;;;;;;;x
DWT.8001.oral;äŒ¢¹ùÇ «ÈÙëÆĞ ª³ëÀİ²³¡Èçˆ ²³Ì¥³.;;;;;;;;;;;;;x
DWT.8001.kidding;äŒ¢µİ ¡³Ì¥³.;;;;;;;;;;;;;x

DWT.8010.desc;äŒ¢¹ùÇ è»ØëÆÌ ù¼Ì¬·Ì²È èÁÊ«ÈÌ®´ ©³Ğ¡³©·Û¡¹¬¹Ü¥³. äŒ¢¹ùÇ è»ØëÆĞ «·çŠ¨³Ì¬È¨¹ ¥³Ì¥³Ì²³Øò¼ ¬·É¥³İ²³Ø«¸ ¡³Ø°³Ì²³«¹Ü¥³. \n ¥³İªÈÌëÆÌ äŒ¢¹ùÇ ¥³¦ÈçÆĞ ëÁØ¯¹¬³Ùäˆ æÆĞ«·ë»Ğ¦¹ äŒ¢¹çÆĞ ©·Ø²³ĞìÁÌ©ÈçÆĞ ²³«¹Ü¥³. äŒ¢¹åÆÌ ¥³İªÈÌ«¸¡¸ äŒ¨³ÌôÂ¥³Ğ¦³äˆ ¡³Ì®·İ²³«¹Ü¥³. \n \n äŒ¦·¢³ ¥³İªÈÌëÆÌ èŠªÈ²³¨¹ ¥³İªÈÌùÇ ¬³¬ÈçÆĞ äŒ¢¹ùÇ éˆ¬È «ÈÙäŠ«¸ ¡³¬¹¥³ ¥´«·Üäˆ ¥³İªÈÌùÇ ëÀÉ¬·İëÆĞ ğÁĞ¡ÈùÄ²´ ¡³©¹Ù¡¸ äŒ¢¹ùÇ éˆ¬È«¸ ª³Ù«ÈÙ²³«¹Ü¥³.;;;;;;;;;;;;;x
DWT.8011.desc;äŒ¢¹ùÇ éˆ¬ÈåÆÌ ¢³Øª·İùÇ ª·İ¡È¡³ æÆĞ«·ëˆåÆÌ¡·Û«¸ ¡ÈÌ¬³İ²³ÌæÆÛ ¡·éŠ²³«¹Ü¥³. \n ¥³İªÈÌëÆÌ ¥·ëÁÉ¥· ¡³İ¦¹Ğ²È éÁá¬³Ùäˆ «³âôÄçˆ è»ØëÆĞ ñÆÌæÆĞ¡È ªÈ¬³É²´Ü¥³. äŒ¢¹ùÇ ‘³–ÆÛ²³äˆ ¬·ŞëÆÌ ¬·²³İ ¡³İ²³Ì éˆ¬È«¸ ¥³İªÈÌùÇ ¬³¬ÈçÆĞ ¥·ëÁÉ¥· ¡Èâ«È ¨ÈĞ«·¢·ã«·Ü¥³. \n \n äŒ¢¹åÆÌ ¯³Ğ«È è»Ø«³Ì«¸ ¡ÈâêÁÉ²È æÆĞ«· ë»ÌæÆÛ ²·Ğ‘·É¡·¦Èäˆ ªÈÌëÆØ²³¨¹ ©È¨¹İëÆĞëÆĞ ¬ÈĞ¦·Ü¥³. ¨³®ÈØ¢´ ¥³İªÈÌëÆÌ äŒ¢¹ùÇ è»Ø «³Ì ¡ÈâêÁÉ²È ¥³İªÈÌùÇ “È«³ÛëÆĞ ¢´éˆ¢´«·Ü¥³.;;;;;;;;;;;;;x
DWT.8012.desc;¥³İªÈÌëÆÌ äŒ¢¹ùÇ š¼É ìˆ«ÈåÆÌ éˆ¬ÈçÆĞ åŒÈ¨¹ å»Ğ¦³ĞêŠ ©³Ï¡¸ «·Ú«·Ü¥³. äŒ¢¹åÆÌ «³ÌæˆùÇ ²³ÌêÁØëÆĞ øÄ«·Ü¬È¨³Ì ¥³İªÈÌ«È ¥³ªÈ äŒ¢¹ùÇ «³Ì«¸ ¨ÈĞ«·¢·ã¬³ «³ÌæˆùÇ ²³ÌêÁØëÆÌ ªÈÌëÆØêˆ¦Èçˆ ©¹Ì²³«¹Ü¥³. \n \n äŒ¢¹ùÇ ‘·Ğ¦ÈåÆÌ è»ØëÆĞ éÁá¬³ÙëŒ¨¹ ¥·ëÁÉ¥· ¥³İªÈÌëÆÌ ±·ØğŒ¬ÈĞëÆĞ ²´¥´«·Ü¥³. ¥³İªÈÌëÆÌ äŒ¦·Ì äŒ¢¹ùÇ ²´İæ»İëÆĞ ®·Ğ¬·²È ìÆĞ¡Èäˆ «ÈÜ«·Ü¥³. \n\n ¡¹ĞäÁÉ ¥³İªÈÌëÆÌ ª³¬·İ¡³ØëÆĞ ëˆ¦´Ûæ»İ«³Ì ë‹¬È²³ĞêŠ «·ÚëÆØëÆĞ ´¥³Ïäˆ ¬³äÁİ «³Ì ¡ÈâêÁÉ²È ¨ÈĞ«·¢·ãäˆ ¬³ØªÈ ª´İ¡³É²³«¹Ü¥³.;;;;;;;;;;;;;x
DWT.8013.desc;¥³İªÈÌëÆÌ ¥·ëÁÉ¥· ¬³Ù«³ ¥³İ¡È¨¹ äŒ¢¹ùÇ å»Ğ¦³ëÁÌ è»Ø«³ÌëÆĞ åŒÈ¡È ªÈ¬³É²´Ü¥³. äŒ ¡¹Ğò¼åÆÌ ì»ã¬È è»Û²³ĞêŠæˆ «ÈÜ«·Ü¥³. \n\n äŒ¢¹åÆÌ ²·Ğ‘·É«È¨¹ «´ùÂÌ²³äˆ éŠ°³É²³¡È ªÈ¬³É²³«¹Ü¥³. ¡¹ĞäÁÉ ¥³İªÈÌëÆÌ äŒ¢¹ùÇ «³Ì ¡ÈâêÁÉ²È ª³¬·İ²³«¹Ü¥³. \n\n  ªÈØ¬È«· ¥³İªÈÌëÆÌ ¨³¬È¨³É³¬È ¥·ëÁÉ ¡³İ²³¡¸ ±·ØğŒ¬ÈĞëÆĞ ²³«¹ äŒ¢¹ùÇ éˆ¬È«¸ª· ¬·İ«´ÉæÆĞ«È —ÁØ«·¬¹ ¢³ëˆ¡È ³¬È ²³«¹Ü¥³. äŒ èˆêÆÙ«¸ äŒ¢¹åÆÌ ª·äÆĞ±È ëÁĞ«·Ü¥³.;;;;;;;;;;;;;x
DWT.8014.desc;As much as you'd love to unload deep into this wonderful snatch you don't want to give her the pleasure. Or endure any consequences of that!\n\nYou push deep into her for a final time to enjoy the tightness of her snatch once more, then you pull out and aim your cock at her breast and belly.\n\nWith a loud groan you shower her skin with long, thick streams of your royal seed. Her sobs turn into crying and wimpering. She doesn't yet dare to wipe your come off her skin and looks at you subduedly and badly hidden disgust.;;;;;;;;;;;;;x
DWT.8020.desc;¥³İªÈÌëÆÌ äŒ¢¹ùÇ ë»ÛæÆĞëÆĞ ©·Û¡Èäˆ äŒ¢¹çÆĞ ¥³İªÈÌùÇ «³âëÆĞ éˆ¡¸ ²µİ²³¡¸ ²³Ì ôÄ èŠçÆâëÆĞ •Á×²¹Ü¥³.\n äŒ¢¹åÆÌ ¥³İªÈÌëÆĞ ÿ¼É«ÈÌ²³¦¹åÆÌ æÆÛ ª³İ®¸çÆĞ ª³Ğ”³É æ»Ğ¦¹Ü¥³. äŒ¢¹ùÇ éˆ¬È «ÈÙäŠ«¸ ¥³İªÈÌùÇ ¬·ŞëÆÌ ¬³¬È¡³ ¬³¦È ¬³Ù«³Ü¥³. äŒ¦·¢³ ¥³İªÈÌëÆÌ ¨³ëÆØëÆĞ ©³•ÁÌæÆÛ äŒ¢¹ùÇ ²³İèÁÌ«¸ ¥³ªÈ ¬³¬ÈùÇ ùÄ®ÈçÆĞ ë»Ò¡ÈäˆåÆÌ ¨ÈĞ«·¢·ã«·Ü¥³. \n \n äŒ¢¹åÆÌ ²³İèÁÌ«¸ æÆĞ«·ëˆåÆÌ ‘³–ÆÛ²³Ì èÁĞ¡·Ì«¸ äˆï»İêŒ¦·ëÁÌ ©È¨¹İëÆĞ ¬ÈĞ¦·Ü¥³. \n\n äŒ¢¹ùÇ ²³İèÁÌëÆÌ ‘³–ÆÛ²´Üäˆ ¥³İªÈÌëÆÌ äŒ¢¹ùÇ ¡ÈÌ¬³İëÆĞ ğÁĞ¡È ùÄ²´ ®·Ì®·Ì²È ¥·ëÁÉ ¡ÈâêÁÉ²È ¬ÈÙ«·¢·ã«·Ü¥³.;;;;;;;;;;;;;x
DWT.8021.desc;äŒ¢¹åÆÌ ²³İèÁÌ«¸ åŒ¹¬ÈåÆÌ äŒ ¡³Ø¡³É«¸ ¥³ªÈ ²³Ì©·Ì ©È¨¹İëÆĞ ¬ÈĞ¦·Ü¥³. äŒ¢¹ùÇ åÁÌëÆÌ íÁİ¡¹Éò¼ ²¹Øëˆ¡³Ø«È éˆ«¹Ü¥³. \n\n ®·Ğ¬·²È ¥³İªÈÌëÆÌ äŒ¡·ÛæÆĞëÆĞ ìÆĞ¡¹Ü¥³. ¡¸ê»É²´ª· «³âôÄçˆ ±·ØğŒ¬ÈĞëÆĞ ²³«¹Üäˆ äŒ¢¹ùÇ æÆİ ôÄçÆĞ éÁá¬³Ùäˆ ¥³İªÈÌùÇ ¬³¬ÈçÆĞ ëÁØ¬ÈÉ«ÈĞêŠç»É äŒ¢¹ùÇ ²³İèÁÌ«È ©³ÌëÆİ²³«¹Üäˆ äŒ¡·ÛæÆĞëÆÌ ¥³İªÈÌëÆĞ ¬³äÆÉ²³«¹Ü¥³. \n\n äŒ¢¹ùÇ ‘³–ÆÛ²³Ì ²³İèÁÌò¼ äŒ¢¹ùÇ «¹ª·İêŒ¦·ëÁÌ ôÄÛ°´çÆĞ ©³¦³éˆ¨¹Ì ¥³İªÈÌëÆÌ «³ĞêŠ«·ÚåÆÌ ©´¥·É¡³Ø«¸ ñÆİéÁÌô¿«·Ü¥³.;;;;;;;;;;;;;x
DWT.8022.desc;äŒ¢¹¡³ ¥·ëÁÉ ©³Ì²³İ²³«¹Üäˆ ¥³İªÈÌëÆÌ äŒ¢¹ùÇ ±³ĞëÆĞ ¬³Ùäˆ ¥³İªÈÌùÇ ¡³êÆØ«¸ ¡³¬¹¥³ ¥´«·Ü¥³. äŒ¢¹åÆÌ ²³İèÁÌ«¸ ©³É²ÈåÆÌ ¬³¬ÈçÆĞ ¨·ØíÁĞ¡·ÛëÆĞ ë‰äŠ²³«¹Ü¬È¨³Ì äŒ¢¹ùÇ ©È¨¹İêˆ¦Èù¼ ëÁĞëÆØêˆ¦ÈåÆÌ ¥³İªÈÌëÆĞ ìÆĞ¡·Ù¡¸ ¨³ÌæÆĞ«·Ü¥³. \n\n äŒ¢¹çÆĞ ¥³Ì¥³Ì²È éÁá¬³Ùäˆ «ÈÜåÆÌ æ»İ«³Ì ¥³İªÈÌëÆÌ ª³¬·İ¡³Ø«È è»Ğ¦¹ù¼Üäˆ äŒ¢¹ùÇ ²³İèÁÌ«¸ ¡Èâ«È ª³¬·İ²³«¹Ü¥³. äŒ¢¹ùÇ ¬·Ğä‹ù¼ ©È¨¹İêˆ¦È¡³ –ˆ ²³Ì©·Ì æÆĞ¦¹Üäˆ •Æá¢´ ëÁĞëÆØëÆĞ °·–Œ¦ÈåÆÌ èˆêÆÙëÆĞ éˆ¨¹ äŒ¢¹çÆĞ å»ã«³ìŠ«·Ü¥³.;;;;;;;;;;;;;x
DWT.8022.option;What a fine piece of ass!;;;;;;;;;;;;;x
DWT.8023.desc;¥³İªÈÌùÇ ¬³¬È¡³ äŒ¢¹ùÇ ²³İèÁÌ«¸ª· ¢³ëˆ¬³¨³¬³ äŒ¢¹åÆÌ ‘³İ«¸ «·â«·¬¹Üäˆ ¥³İªÈÌëÆĞ ©³¦³éˆ«³Ü¥³. ê»ÌëÆĞ ëÁØ¯¹úÄäˆ åÁÌèÁĞëÆĞ ñÆĞ¦È¨¹ äŒ¢¹åÆÌ ¢·èŠ¢³ êŠ®ÈêŒ¦·Ù¥³åÆÌ ğ‰¬·İëÆĞ ¬È«·Ü¥³. \n\n äŒ¢¹çÆĞ ’·Ì’·ÌêŒ¦·Ù¡¸ ©³¦³éˆ¨¹ «³èŠ¨³Ğæˆ ²³¬È «³Î«³Ü¥³. \n\n äŒ¢¹«¸¡¸ ¨ÈêˆçÆĞ éˆ«È¨¹ ¥³İªÈÌëÆÌ äŒ ¬³¦È«¸ª· ¨·Ğ«·¬¹Ü¥³.;;;;;;;;;;;;;x
DWT.8030.desc;äŒ¢¹ùÇ «³çÆØ¥³ëÁÌ «ÈÙêÁĞëÆÌ ¥³İªÈÌëÆĞ ¨´ç‰ªÈ¯È¡È«¸ íÁİéÁÌ²´Üäˆ ¥³İªÈÌëÆÌ ìÆĞ¡·ëÁØëÆĞ ¨³Ûéˆäˆ ªÈâ«·Ü¥³. äŒ¢¹çÆĞ ©·Û¡Èäˆ ‘³İ«¸ ¨ÈĞ«·¢·Ø«·–Œ¦¹Ü¥³. äŒ¢¹åÆÌ «´ùÂÌ²³«¹Ü¬È¨³Ì äŒ¢¹ùÇ äˆ¡´çÆĞ ¥³İªÈÌùÇ ¬³¬È éŠäÆÌëŒçˆ æ»Ğ¦¹Ü¥³.  ¥³İªÈÌëÆÌ äŒ¢¹çÆĞ ©³¦³éˆ¨¹ ¨³Ğ²³«¹Ü¥³. " °´«·¢³Ì¡·Ğ ‡Šÿ¿²³¡¸ ²´ìŠ¨³Ì."\n äŒ¢¹åÆÌ æŠ¦¹ëÁØ«¸ «·”·ĞêŠ «·Ú«È «ÈÙëÆĞ «¹Ğäˆ ¥³İªÈÌùÇ ¬³¬ÈçÆĞ ®·Ì®·Ì²È ²³Ó«³Ü¥³.;;;;;;;;;;;;;x
DWT.8031.desc;äŒ¢¹ùÇ «ÈÙ«³Ì í»É¡³Ø«¸ ¥³İªÈÌëÆÌ ¡³Ø°³Ì²³«¹Ü¥³. ¥³İªÈÌùÇ ëÀÉ¨³İëÆĞ ¥·ëÁÉ¥· éÁÌíÁĞ²³¡È ùÄ«¸ è»É«³Ì ¡ÈâêÁÉ²È³¬È ¥³İªÈÌùÇ ¬³¬ÈçÆĞ ¨ÈĞ«·¢·ãäˆ ¨·¦ÈçÆĞ ¬³Ù«³Ü¥³. \n\n äŒ¢¹åÆÌ åÁÌëÆĞ îŒ¡¸ –Œäˆ åÁÌèÁĞëÆĞ ñÆĞ¦¹Ü¥³. äŒ¢¹ùÇ ²¹¡³ ¥³İªÈÌùÇ ¬³¬ÈçÆĞ êŒ®ÈĞ‘´¨³¥³ ¥³İªÈÌëÆÌ ìÆĞ¡·ùÂÜ¥³.\n\n ¥³İªÈÌùÇ ²¹Ù©³Éò¼ ¡¹É¦¹«¸ äŒ¢¹åÆÌ ¨³®ÈØ¢´ ©³Ï«³æÆĞ«Èäˆ «¹ĞìÁİ²´Ü¥³.;;;;;;;;;;;;;x
DWT.8032.desc;¬³ØªÈæ»İ«³Ì ¥³İªÈÌ«¸¡¸ ìÆĞ¡·ëÁØëÆĞ ìŠ¡È ùÄ²´ «¹ĞìÁİ²´Ü¥·Ì äŒ¢¹åÆÌ ú¿®´É¡³ØëÆĞ åŒÈåÆÌæÆÛ éˆ«¹Ü¥³. ¥³İªÈÌëÆÌ äŒ¢¹ùÇ ¨·¦ÈçÆĞ ¥³Ì¥³Ì²È éÁá¬³Ùäˆ ¬³¬ÈçÆĞ ¥·ëÁÉ¥· ª¸¡¸ ¨ÈĞ«·¢·ãëŒ¨¹ ±·Ø±Èİ²´Ü¥³. \n\n ¥³İªÈÌëÆÌ ª³¬·İ¡³Ø«È ¥³¡³ëˆ¬³ äŒ¢¹ùÇ «ÈÙò¼ è»É ¡ÈâêÁÉ²È ª³¬·İëÆĞ ²³«¹Üäˆ äŒ¢¹åÆÌ «ÈÙëŒçˆ êÁØëÆĞ øÄĞêŠ «·ÚåÆÌæÆÛ îˆçˆ êÁØëÆĞ øÄ¡È ªÈ¬³É²´Ü¥³.  \n\n ¥³İªÈÌëÆÌ ²³Ğ êŠ «ÈÜåÆÌ²³Ì û¿¥´²³Ì ¡ÈâêÁÉ²È ¨ÈĞ«·¢·ãäˆ è»ÉäŠ¨·İ«¸ ª³¬·İ²³«¹Üäˆ äŒ¢¹¡³ èˆæŠ ª³Ø¯¹ÜåÆÌ¬È ¨³¬È¨³ÉëŒçˆ ÿ¼É«ÈÌ³¬È ²³«¹Ü¥³.;;;;;;;;;;;;;x
DWT.8032.option;¬ÈÌ”³ ¢³Ø¬³ùÇ ¨³Û«È «·‘´?;;;;;;;;;;;;;x
DWT.8033.desc;¥³İªÈÌëÆÌ ¬·Ğ¬·İëÆĞ ¨³Ş«È²³äˆ ¢³ª· ®·Ì®·Ì²È ¬³¬ÈçÆĞ «ÈÙ«¸ª· ‘¸«·¢´Ü¥³. äŒ¢¹åÆÌ «ÈÙëÆĞ ²·Ğ‘·É«È¨¹ êÁØëÆĞ øÄ¦¹äˆ ²³«¹Ü¬È¨³Ì æ»İªÈ«¸ ¨³ÎëÆÌ °³«´Éò¼ ¬·İ«´ÉæÆĞëÆĞ ñÆĞ¦È¡È ªÈ¬³É²´Ü¥³. \n\n äŒ¢¹åÆÌ åÁÌèÁĞëÆĞ ñÆĞ¦È¨¹ ¨·¦ÈçÆĞ êÁÉ«Èäˆ ©³¥³É«¸ ìŠ¬·«³Í«³Ü¥³. ¥³İªÈÌëÆÌ ¥³ëÆØ ¬ÈÌ²´İª³İÿ¼İæÆĞëÆĞ ÿ¼É«ÈÌ²³¡È ùÄ²´ ÿÄ±³¦³ØëÆĞ éÁĞ¨¹ äŒ ¬³¦È«¸ª· ‘·¢³Ü¥³.;;;;;;;;;;;;;x
DWT.8040.desc;As you come to your senses again depart your climax induced heights you notice something odd.\n\nHer body has gone limp and motionless. She even doesn't seem to be sobbing or breathing anymore. You check for signs of life and then realize: She's dead.\n\nThe euphoria you felt after taking her and using her is slowly replaced with sadness and a certain feeling of loss.;;;;;;;;;;;;;x

DWT.8100.desc;While leading your troops against those of [From.GetTitledFirstName] things did not exactly go as planned. You find yourself engaged in personal combat most of the time and your men are equally struggling and at the point of a total rout.\n\nSuddenly a leader of the enemy army spots you and challenges you to personal combat. You both circle each other, charge, slash, hack and parry, but you are exhausted and loose ground. During one such exchange you both tumble to the ground and you loose your sword. Your attacker has his sword on your throat and a hand on your bosom and grumbles:\n\n "Now you're mine, bitch-queen!";;;;;;;;;;;;;x
DWT.8100.option;Oh, fuck ...;;;;;;;;;;;;;x
DWT.8101.desc;Your assailant doesn't waste any time. He just rips your hip armor aside and out of the way and nestles his rock hard cock out of his own undergarments. With one quick shove and grunt he penetrates you to the hilt and quickly commences to rape you while the battle rages all around you.\n\nHe doesn't last long and with loud groans he unloads a mightly load of his vile seed deep into your aching cunt. His liege rides past and throws his general a grin and a salute. You use this oppotunity to hastily crawl away and get back with your own troops. You feel ashamed and disgusted and this reawakens your batte vigor.;;;;;;;;;;;;;x
DWT.8101.option;I will get my vengance!;;;;;;;;;;;;;x

DWT.960.desc;åÆŞëÆÌ ©³Ø«¸ ¬³Ø«È ëˆ¬È «³Î«³ ª³Ì®´ÉëÆĞ ²³¡Èçˆ ²³«¹Ü¥³. êÁâ äÆÌ®·ùÇ ¯´ØğŒ ©³Ê«¸ª· öÂÌ¡³ «Èª³İ²³Ì ¡·ÛëÆĞ éˆ«³Ü¥³. ©·Ğ¡· ©·ÛëÆÌ ¬·ÒëÆÌ «¹ª·İ«È ¢³èŠ ìÁĞ¡È™»ÉëŒçˆ íÁÉíÁÉ²³Ì ¬³Ì¥ÈçÆĞ ¡·¢ÈĞäˆ «ÈÜ«·Ü¥³. äŒ¢¹ùÇ «·İ¥·İ«ÈåÆÌ ¨´ñ»É¬·ÉëŒçˆ ëÁØ¬ÈÉ«¹Üäˆ äŒ¢¹ùÇ ¡ÈÌ äÆØ©³Ğ ¨·¦ÈåÆÌ ¨´©·Ì äŒ¢¹ùÇ ©·ÛëÆÌ æÆİ«¸ ¥³«³Ü¥³.;;;;;;;;;;;;;x
DWT.960.option;"æˆ¥¸®¸ åŠäŠ¬È? ¢³åÆÌ ì»Ø¥· ÿ¼É«ÈÌ²´÷¼«µ¡¸Ü«·!";;;;;;;;;;;;;x
DWT.961.desc;äŒ¢¹çÆĞ ‘³¦³ êÁâ ê»ÉëŒçˆ ¢³«³¡³¡È ©³’³Ü¥³. ìˆäÆØ«È¦³æˆ ‘³¦³¬³ÙëÆĞêŠ «ÈÜ¥³¨¹Ì äŒ ©·Ğ¡·©·ÛëÆÌ ôÄÛ¨¹ÌëÆĞ é»ĞêŠ «ÈÜëÆĞ¡·Û«È¥³. ¥³Ğ©ÈßëÆÌ ÿÇ¨È²³Ì ©ÈßëŒçˆ äŒ¢¹ùÇ ©·Ğ¡· ©·ÛëÆÌ è»ØæÆĞëÆĞ ©È†Šäˆ äŒ¦ÈØ¬³åÆÌ «¹ª·İùÇ ôÄ™»É«¸ª· íÁØëÆĞ †ŠåÆÌæÆÛ²³«¹Ü¥³. «·Ğ¨³¢³ ª³¦³İêŒ¦·ëÁÌ¡³?;;;;;;;;;;;;;x
DWT.961.option;"«È÷¼, ¥³İªÈÌ åŠäŠ«µ, «³¡³“È?";;;;;;;;;;;;;x
DWT.962.desc;äŒ¢¹åÆÌ ¥³İªÈÌëÆĞ êÁâê»ÉëŒçˆ ìˆäÆØ ¥· ¡ÈâêÁÉ²È æÆĞ«·¡³¡¸ ²³«¹Üäˆ, «ÈÈçˆ ¥·â«ÈÌ «³Øª·É«¸ «³ÍëÆÌ®´ ±³ĞëÆĞ ’·Ï«·Ü¥³. ®·ëÆØëŒçˆ äŒ¢¹ùÇ åŠæŒ¬³İ¨¹ÌëÆĞ é»Ğ êŠ «ÈÜ«·Üäˆ å»Ğ¦³ëÁÌ ò¼İ¡¹İ«È«¹Ü¥³. äŒ¢¹åÆÌ ¥³İªÈÌ«¸¡¸ ëÁÛëŒ¨¹ ¡³³«È ëˆ¦³äˆ è»Ø¬ÈÛ²³«¹Ü¥³ "¦ÈĞ¦ÈêŒ¡³ ¢³çÆĞ éˆ¢´Ü«·.";;;;;;;;;;;;;x
DWT.962.option;"ëˆ, «È¦·ã¡¸ ì»ãëÆĞêŠ¡³!";;;;;;;;;;;;;x
DWT.963.desc;«µÉ¡³ÌùÇ ìŠíÁØ¡·¦ÈØ«È «ÈÜëÆÌ ‡Š«¸ äŒ¢¹åÆÌ ª³Ğ”³É ¨Èêˆ¬ÈëŒ¨¹ ¥³İªÈÌëÆĞ ‘³İ«¸ åÁÙ²¹Ü¥³. ëÆÌäÆÌ²³Ì ¨Èêˆù¼ ²³Ø¸ äŒ¢¹åÆÌ ¥³¦ÈçÆĞ ©·Ğ¦Èäˆ ¨´¦¹É¬·É«ÈÌ èˆêÆÙëÆĞ éˆ«¹Ü¥³. ¥³İªÈÌëÆÌ ªÈ¡³Ì«È «³³ëÁÌæÆÛ ê»Ìò¼ «ÈÙêÁĞ äŒ¦Èäˆ ²¹çÆĞ «ÈëÀİ²´ äŒ¢¹ùÇ «³çÆØ¥³ëÁÌ è»ØëÆĞ ¨³Ûéˆ¡È ªÈ¬³É²³«¹Üäˆ «³çÆØ¥³ëÁÌ ²³Ì“³İ«È ª³¦³İëÆĞ ¢³åŠ¡¸ ô¿«·Ü¥³. ;;;;;;;;;;;;;x
DWT.963.option;"Such sweet tenderness!";;;;;;;;;;;;;x
DWT.964.desc;¥³İªÈÌëÆÌ ®·Ğ¬·²³¡¸ êÁâ«¸ª· ªÈÌëÆØêˆ¦ÈçÆĞ ¢´¨¹ ¥³İªÈÌùÇ ìÆĞ¡·ëÁØëÆĞ åŒÈäˆ «ÈÜ«·Ü¥³. äŒ¢¹åÆÌ ¥³İªÈÌùÇ ª·İ¡ÈçÆĞ ¨³Ûéˆ¨¹ ±·Ø±Èİ²³«¹Üäˆ ÿ¼Ğ¦¹Éò¼ «¸¢·¬ÈæÆĞëÆĞ ìŠ«·Ü¥³. ¥³İªÈÌ«¸¡¸ ¯ÈêŒçÆĞ ²³¨¹ ©·Ğ¡·©·ÛëÆÌ æŠ è»Ø«È «·Ñ²¹Üäˆ ¥·ëÁÉ å»İ¨ÈĞ²´¬¹Ü¥³. ¥³Ğî»Ø²³Ì «È¦·²³Ì ğ»É¦¹ÉëÆÌ ¥³İªÈÌ«¸¡¸ ì»ãëÆÌ «¹İ²µİëÆĞ ìŠ«·Ü¥³.;;;;;;;;;;;;;x
DWT.964.option;"ù¼ëŠ,«È¡·Ì,ù¼ëŠ!";;;;;;;;;;;;;x

DWT.9900.desc;You have the unique opportunity to join or leave the Secret Society of the Satanists. What do you do?;;;;;;;;;;;;;x
DWT.9900j.option;Join!;;;;;;;;;;;;;x
DWT.9900l.option;Leave!;;;;;;;;;;;;;x
DWT.9901.desc;Are you happy with your rank in the Secret Society? If not, you can change it here.;;;;;;;;;;;;;x
DWT.9901u.option;Level up;;;;;;;;;;;;;x
DWT.9901d.option;Level down;;;;;;;;;;;;;x
DWT.9901g.option;Become Grandmaster;;;;;;;;;;;;;x

