#		Crusader Kings 2 : Advanced Medieval Desires

#CODE;ENGLISH;FRENCH;GERMAN;;SPANISH;;;;;;;;;x;


#AMD_EV_DESC_LENGTH;0000000001000000000200000000030000000004000000000500000000060000000007;;;;;;;;;;;;;x;	이벤트 창 1 line 제한 약 70byte

#이벤트Events;0000000001000000000200000000030000000004000000000500000000060000000007;;;;;;;;;;;;;x;



#	모드 알림, 모드 옵션;0000000001000000000200000000030000000004000000000500000000060000000007;;;;;;;;;;;;;x;

AMD_EV_TITLE_10011;Advanced Medieval Desires;;;;;;;;;;;;x;
AMD_EV_DESC_10011;이 모드는 미성년자의 가치관 형성에 심각한 악영향을 줄 수 있는 노골적, 폭력적이며 과학적, 정치적으로 올바르지 않은 성적묘사를 대량 포함하고 있습니다. 만약 당신이 이런 포르노그라피를 이용하는 것이 합법이 아니라면 즉각 이용을 중지하십시오. 게임 내 모든 사건, 인물, 장소, 종교 등은 실제 행위나 기록을 대변하거나 묘사하기 위한 것이 아닙니다. 개발자는 게임 내에서 묘사된 행위의 승인, 묵인, 또는 참여를 권하지 않습니다. 현실에서 유사한 행위를 시도하면 법의 처벌과 지역사회의 가혹한 보복이 따를 것입니다. 개발자는 당신의 위법행위에 대한 어떤 책임도 지지 않습니다.;;;;;;;;;;;;x;
AMD_EV_String_Pansanim;판사님! 저는 이 모드를 만들지 않았습니다. 전부 온디스크 업로더가 만든 것입니다! 그놈을 잡아가십시오!;;;;;;;;;;;;x;

AMD_EV_TITLE_1001;AMD Mod Option;;;;;;;;;;;;x;
AMD_EV_DESC_1001;당신의 취향에 따라 이 모드의 일부 이벤트를 제한할 수 있습니다. 이 설정들은 언제든지 변경 가능합니다.;;;;;;;;;;;;x;

AMD_EV_OPT_ModOption_ACB_ON;아청법 적용하기;;;;;;;;;;;;x;
AMD_EV_OPT_ModOption_ACB_OFF;아청법 해제하기;;;;;;;;;;;;x;
AMD_EV_DESC_ModOption_ACB_ON;결혼가능한 나이가 되기 전에는 AMD 모드의 주요 이벤트를 사용할 수 없습니다.;;;;;;;;;;;;x;
AMD_EV_DESC_ModOption_ACB_OFF;(기본)셰익스피어의 '로미오와 줄리엣'의 전례를 따라, 12세부터 주요 이벤트를 사용할 수 있습니다.;;;;;;;;;;;;x;

AMD_EV_OPT_ModOption_PC_PROTECTION_ON;플레이어 보호 설정;;;;;;;;;;;;x;
AMD_EV_OPT_ModOption_PC_PROTECTION_OFF;플레이어 보호 해제;;;;;;;;;;;;x;
AMD_EV_DESC_ModOption_PC_PROTECTION_ON;플레이어 캐릭터에게 좋지 않은 AMD 모드의 몇몇 이벤트가 비활성화됩니다.;;;;;;;;;;;;x;
AMD_EV_DESC_ModOption_PC_PROTECTION_OFF;(기본)플레이어 캐릭터에게 고통을 주는 AMD 모드의 이벤트를 막지 않습니다.;;;;;;;;;;;;x;

AMD_EV_OPT_ModOption_NTR_ON;NTR 이벤트 설정;;;;;;;;;;;;x;
AMD_EV_OPT_ModOption_NTR_OFF;NTR 이벤트 해제;;;;;;;;;;;;x;
AMD_EV_DESC_ModOption_NTR_ON;플레이어의 배우자, 첩, 연인, 자녀, 형제자매 등과 관련된 NTR 이벤트가 발생하지 않습니다.;;;;;;;;;;;;x;
AMD_EV_DESC_ModOption_NTR_OFF;(기본)플레이어의 배우자, 첩, 연인, 자녀, 형제자매 등과 관련된 NTR 이벤트가 발생하지 않습니다.;;;;;;;;;;;;x;

AMD_EV_OPT_ModOption_CBR_LIMIT_ON;이종 제한;;;;;;;;;;;;x;
AMD_EV_OPT_ModOption_CBR_LIMIT_OFF;이종 제한 해제;;;;;;;;;;;;x;
AMD_EV_DESC_ModOption_CBR_LIMIT_ON;종족이 다른 상대와 교류할 수 없습니다.;;;;;;;;;;;;x;
AMD_EV_DESC_ModOption_CBR_LIMIT_OFF;(기본) 인간, 말, 곰, 고양이 등 여러 종족들이 제한 없이 교류할 수 있습니다.;;;;;;;;;;;;x;

AMD_EV_OPT_ModOption_SFW_LIMIT_ON;검열삭제 활성화;;;;;;;;;;;;x;
AMD_EV_OPT_ModOption_SFW_LIMIT_OFF;검열삭제 비활성화;;;;;;;;;;;;x;
AMD_EV_DESC_ModOption_SFW_LIMIT_ON;모든 노골적인 성적 행위 컨텐츠가 검열되어 비교적 건전한 형태로 표시됩니다.;;;;;;;;;;;;x;
AMD_EV_DESC_ModOption_SFW_LIMIT_OFF;(기본) 모든 노골적인 성적 행위 컨텐츠가 정상적으로 표시됩니다.;;;;;;;;;;;;x;



AMD_EV_OPT_ReturnToModOption;모드 설정 이벤트로 돌아가기;;;;;;;;;;;;x;


AMD_EV_OPT_OK;알겠다.;;;;;;;;;;;;x;
AMD_EV_OPT_NEXT;다음.;;;;;;;;;;;;x;
AMD_EV_OPT_PREV;이전.;;;;;;;;;;;;x;
AMD_EV_OPT_BREAK;이벤트 종료;;;;;;;;;;;;x;
AMD_EV_String_END_EVENT;이벤트를 종료하고 모든 임시 플래그를 해제합니다.;;;;;;;;;;;;x;

AMD_EV_OPT_TRAP;아! AMD 아시는구나!;;;;;;;;;;;;x;
AMD_EV_String_TRAP;뭐지? 개꿀잼 몰카인가?;;;;;;;;;;;;x;


#	성년, sex_skill 습득;0000000001000000000200000000030000000004000000000500000000060000000007;;;;;;;;;;;;;x;

AMD_EV_TITLE_10025;성년;;;;;;;;;;;;x;
AMD_EV_DESC_10025_0;나는 성인이 되었고, 밤의 공부도 마쳤다...;;;;;;;;;;;;x;
AMD_EV_DESC_10025_1;나는 성인이 되었지만, 후계자가 어떻게 생기는 것인지 아직도 잘 모르겠다...;;;;;;;;;;;;x;
AMD_EV_DESC_10025_2;나는 성인이 되었고, 밤의 지식도 기본적으로 필요한 것은 다 배웠다.;;;;;;;;;;;;x;
AMD_EV_DESC_10025_3;나는 성인이 되었고, 밤의 공부를 마쳤다. 나는 이 분야에 재능이 있는 것 같다.;;;;;;;;;;;;x;
AMD_EV_DESC_10025_4;나는 성인이 되었고, 밤의 기술을 갈고닦았다. 이것이야말로 내가 세상에 태어난 이유라고 확신한다.;;;;;;;;;;;;x;
AMD_EV_DESC_10025_5;나는 성인이 되었고, 사랑의 예술을 통달했다. 이제 그 무엇도 나의 사랑을 막지 못하리라!;;;;;;;;;;;;x;
AMD_EV_OPT_10025_1;황새를 조심해야 한다고?;;;;;;;;;;;;x;
AMD_EV_OPT_10025_2;어디에 무엇을 넣어야 하는지 알면 충분하지.;;;;;;;;;;;;x;
AMD_EV_OPT_10025_3;들어갈 때와 빠질 때를 알아야 한다.;;;;;;;;;;;;x;
AMD_EV_OPT_10025_4;우리가 나누어야 할 것은 증오가 아니라 사랑이다.;;;;;;;;;;;;x;
AMD_EV_OPT_10025_5;박을 수 있다면 신이라도 보내버리겠어.;;;;;;;;;;;;x;

AMD_EV_DESC_10026_1;[From.GetFirstName]은 어른이 되었습니다. 그러나 밤일에 대해서는 거의 배운 것이 없습니다.;;;;;;;;;;;;x;
AMD_EV_DESC_10026_2;[From.GetFirstName]은 어른이 되었습니다. 그리고 기본적인 성지식도 이해했습니다.;;;;;;;;;;;;x;
AMD_EV_DESC_10026_3;[From.GetFirstName]은 어른이 되었습니다. 특히 밤의 기술에 훌륭한 재능을 보였습니다.;;;;;;;;;;;;x;
AMD_EV_DESC_10026_4;[From.GetFirstName]은 어른이 되었습니다. 사랑의 기술을 깊이 공부해서 최고 단계의 지식까지 정통했습니다.;;;;;;;;;;;;x;
AMD_EV_DESC_10026_5;[From.GetFirstName]은 어른이 되었습니다. 사랑의 예술에서 신의 경지에 이르렀습니다.;;;;;;;;;;;;x;
AMD_EV_OPT_10026_1;유감이지만 때가 되면 알게 되겠지.;;;;;;;;;;;;x;
AMD_EV_OPT_10026_2;그만하면 됐다.;;;;;;;;;;;;x;
AMD_EV_OPT_10026_3;잘 해서 나쁠 건 없지.;;;;;;;;;;;;x;
AMD_EV_OPT_10026_4;정말 대단하군.;;;;;;;;;;;;x;
AMD_EV_OPT_10026_5;앗..아아......;;;;;;;;;;;;x;


#	on_action : 결혼;0000000001000000000200000000030000000004000000000500000000060000000007;;;;;;;;;;;;;x;

AMD_EV_TITLE_11001;신혼초야;;;;;;;;;;;;x;
AMD_EV_DESC_11001;[AMD_ET_HOST.Location.GetName]의 궁정에서 [AMD_ET_BROOM.GetTitledFirstName]와 [AMD_ET_BRIDE.GetTitledFirstName]이 식을 올렸습니다.;;;;;;;;;;;;x;
AMD_EV_OPT_11001_1;신랑 신부가 좋은 밤을 보내길 바란다.;;;;;;;;;;;;x;
AMD_EV_String_11001_1;[AMD_ET_BROOM.GetTitledFirstName]와 [AMD_ET_BRIDE.GetTitledFirstName]은 신방에서 둘만의 시간을 가질 것이다.;;;;;;;;;;;;x;
AMD_EV_OPT_11001_2;신방을 엿본다.;;;;;;;;;;;;x;
AMD_EV_String_11001_2;결혼을 주최하는 자는 그 결혼이 완성되는 것을 지켜볼 권리가 있습니다... 하지만 [Root.Location.GetName]에서는 그런 권리를 인정하지 않기 때문에, 약간의 음모력을 발휘해야 합니다.\n;;;;;;;;;;;;x;
AMD_EV_OPT_11001_3;미안하지만 지금 당장 처리해야 할 중대한 일이 있다.;;;;;;;;;;;;x;
AMD_EV_String_11001_3;결혼식을 올려놓고 합방을 미룰 정도로 중대한 일이 있다는 것을 납득시키려면 그럴만한 이유가 필요합니다.\n;;;;;;;;;;;;x;
AMD_EV_OPT_11001_4;주군인 내가 먼저 맛을 봐야겠다!;;;;;;;;;;;;x;
AMD_EV_String_11001_4;중세의 초야권이 실제로 실행된 적은 없다고도 합니다... 하지만 그런 게 뭐가 중요합니까?\n;;;;;;;;;;;;x;

AMD_EV_OPT_PLAY_SILENT_NIGHT;조용히 밤을 보낸다.;;;;;;;;;;;;x;
AMD_EV_OPT_PLAY_SHORT_NIGHT;밤은 짧다. 서둘러 침실로 향한다...;;;;;;;;;;;;x;
AMD_EV_OPT_PLAY_LONG_NIGHT;밤은 길다. 느긋하게 즐긴다.;;;;;;;;;;;;x;
AMD_EV_OPT_PLAY_BEAST;야생의 사랑을 느끼고 싶다.;;;;;;;;;;;;x;
AMD_EV_OPT_PILLOW_TALK;사랑도 좋지만, 지금은 대화를 나누고 싶다.;;;;;;;;;;;;;x;
AMD_String_PLAY_SHORT;빠르게 본론으로 넘어갑니다. (성행위);;;;;;;;;;;;x;
AMD_String_PLAY_LONG;어른의 시간이 시작됩니다. (성행위);;;;;;;;;;;;x;
AMD_EV_String_11002_1;\n[AMD_ET_BROOM.GetTitledFirstName]와 [AMD_ET_BRIDE.GetTitledFirstName]은 침실에서 둘만의 시간을 가질 것입니다. 굳이 확인할 필요는 없겠지요.;;;;;;;;;;;;x;
AMD_EV_String_11002_2;\n[AMD_ET_BROOM.GetTitledFirstName]와 [AMD_ET_BRIDE.GetTitledFirstName]은 빠른 걸음으로 침실로 향합니다.;;;;;;;;;;;;x;
AMD_EV_String_11002_3;\n[AMD_ET_BROOM.GetTitledFirstName]와 [AMD_ET_BRIDE.GetTitledFirstName]은 둘만의 시간을 즐길 것입니다.;;;;;;;;;;;;x;





#	이벤트 - 말 구매, 가문 관리 ;0000000001000000000200000000030000000004000000000500000000060000000007;;;;;;;;;;;;;x;

AMD_EV_DESC_20008;말은 언제나 비싼 물건이고, 특히 전쟁을 대비해야 하는 영주들에겐 귀한 재산입니다. 당신이 개인적으로 쓸 말을 구하려면 돈이 필요합니다.;;;;;;;;;;;;;x;
AMD_EV_OPT_20008_1;늙은 짐말.;;;;;;;;;;;;;x;
AMD_EV_OPT_20008_2;튼튼한 군마.;;;;;;;;;;;;;x;
AMD_EV_OPT_20008_3;탐스러운 종마.;;;;;;;;;;;;;x;
AMD_EV_OPT_20008_4;말에게 그렇게 많은 돈을 쓰다니... 안 될 말이지.;;;;;;;;;;;;;x;

AMD_EV_OPT_20009_0;무슨 문제가 생길지도 모르니 그만둔다.;;;;;;;;;;;;;x;
AMD_EV_TT_20009_0;잘 생각하셨습니다. 이런 수상한 모드는 쓰지 않는 게 좋습니다.;;;;;;;;;;;;;x;
AMD_EV_DESC_20009;[AMD_ET_TGT.GetBestName] 의 가문을 관리할 수 있습니다. 이 이벤트는 현재 시험중이며, 비정상적인 작동으로 인한 문제는 돌이킬 수 없을지도 모르니 주의하십시오..;;;;;;;;;;;;;x;
AMD_EV_OPT_20009_1;내가 니 애비다.;;;;;;;;;;;;;x;
AMD_EV_TT_20009_1;당신이 가계도상의 아버지가 됩니다. 가문도 변경되지 않고 사생아 특성에도 변화가 없습니다. ;;;;;;;;;;;;;x;
AMD_EV_OPT_20009_2;I am your mother.;;;;;;;;;;;;;x;
AMD_EV_TT_20009_2;당신이 가계도상의 어머니가 됩니다. 가문도 변경되지 않고 사생아 특성에도 변화가 없습니다. ;;;;;;;;;;;;;x;
AMD_EV_OPT_20009_3;나의 가문으로 변경한다.;;;;;;;;;;;;;x;
AMD_EV_TT_20009_3;당신 가문 소속이 됩니다. 사생아 특성이 있다면 합법 서자로 변경됩니다. ;;;;;;;;;;;;;x;
AMD_EV_OPT_20009_4;분가시킨다.;;;;;;;;;;;;;x;
AMD_EV_TT_20009_4;다른 가문을 생성합니다. 사생아 특성이 있다면 합법 서자로 변경됩니다.;;;;;;;;;;;;;x;




#	이벤트 - 하렘 파티 ;0000000001000000000200000000030000000004000000000500000000060000000007;;;;;;;;;;;;;x;
AMD_EV_DESC_20100;(임시) 사랑스러운 비밀친구들을 한데 모아 사치스러운 하루를 보내고 싶다! 이 위대한 계획을 실현하기 위해서는 건강하고 한가한 인간 비밀친구가 셋 이상 필요하다.;;;;;;;;;;;;;x;
AMD_EV_OPT_20100_10;그러나 남자들을 부를 수는 없을 것 같다...;;;;;;;;;;;;;x;
AMD_EV_OPT_20100_11;(남주) 나의 남자들이 기다리고 있다!;;;;;;;;;;;;;x;
AMD_EV_OPT_20100_12;(여주) 나의 남자들이 기다리고 있다!;;;;;;;;;;;;;x;
AMD_EV_TT_20100_0;바쁘거나 아파서 만날 수 없습니다.;;;;;;;;;;;;;x;
AMD_EV_TT_20100_B;전쟁, 성지순례 등 다른 용무가 있어 참가할 수 없습니다.;;;;;;;;;;;;;x;
AMD_EV_TT_20100_D;연령이나 질병 등 신체적인 문제로 성행위를 할 수 없습니다.;;;;;;;;;;;;;x;
AMD_EV_OPT_20100_20;그러나 여자들을 부를 수는 없는 것 같다...;;;;;;;;;;;;;x;
AMD_EV_OPT_20100_21;(남주) 나의 여자들이 기다리고 있다!;;;;;;;;;;;;;x;
AMD_EV_OPT_20100_22;(여주) 나의 여자들이 기다리고 있다!;;;;;;;;;;;;;x;



#	이벤트 - 연인 방문 ;0000000001000000000200000000030000000004000000000500000000060000000007;;;;;;;;;;;;;x;

#	#	#	#	#	타겟 디시전 : 사랑의 권유 이벤트

AMD_EV_DESC_21001_P1;[From.GetTitledFirstName]은 오늘 당신과 시간을 보내고 싶어합니다. [From.GetHerHim]의 [GetFromRelation]인 당신은 이에 응할 의무가 있지만, 적당한 핑계로 거절할 수도 있습니다. 어떻게 하시겠습니까?;;;;;;;;;;;;x;
AMD_EV_DESC_21001_P2;당신의 사랑하는 [GetFromRelation], [From.GetTitledFirstName]은 오늘 당신과 즐거운 시간을 보내고 싶어합니다. 어떻게 하시겠습니까?;;;;;;;;;;;;x;
AMD_EV_OPT_21001_P1;어서 와요! 꽤 보고 싶었다고요!;;;;;;;;;;;;x;
AMD_EV_OPT_21001_P2;[From.GetHerHim]를 만나러 간다.;;;;;;;;;;;;x;
AMD_EV_OPT_21001_P3;내키지 않는 발걸음을 옮긴다...;;;;;;;;;;;;x;
AMD_EV_OPT_21001_P4;지금은 그럴 시기가 아니오.;;;;;;;;;;;;x;
AMD_EV_String_PLAY_21001_P1;[Root.GetTitledFirstName]은 즐거운 마음으로 [From.GetHerHim]를 만나러 갑니다.;;;;;;;;;;;;;x;
AMD_EV_String_PLAY_21001_P2;[Root.GetTitledFirstName]은 [From.GetHerHim]를 만나러 갑니다.;;;;;;;;;;;;;x;
AMD_EV_String_PLAY_21001_P3;[Root.GetTitledFirstName]은 불쾌한 기분으로 [From.GetHerHim]를 만나러 갑니다.;;;;;;;;;;;;;x;
AMD_EV_String_PLAY_21001_P4;적당한 핑계를 대고 만남을 거부합니다.;;;;;;;;;;;;x;

AMD_EV_DESC_21001_1;당신의 [GetFromRelation] [From.GetFirstName]은 당신과 함께 즐거운 하루를 보낼 기대로 눈을 빛내고 있습니다.;;;;;;;;;;;;;x;
AMD_EV_DESC_21001_2;당신의 [GetFromRelation] [From.GetFirstName]은 당신의 부름을 받아 약속장소에 나타났습니다.;;;;;;;;;;;;;x;
AMD_EV_DESC_21001_3;당신의 [GetFromRelation] [From.GetFirstName]은 오늘 별로 기분이 좋지 않은 것 같습니다.;;;;;;;;;;;;;x;
AMD_EV_OPT_21001_1;[From.GetHerHim]에게 비싼 선물을 사준다.;;;;;;;;;;;;x;
AMD_EV_OPT_21001_2;[From.GetHerHim]와 함께 놀러 나간다.;;;;;;;;;;;;x;

AMD_EV_DESC_21010_1;당신이 준비한 [AMD_CLK_GetLoversGift]를 받은 [AMD_ET_TGT.GetFirstName]은 매우 기뻐하며 당신에게 감사했습니다. 선물이 매우 마음에 든 것 같습니다. ;;;;;;;;;;;;;x;
AMD_EV_DESC_21010_2;당신이 준비한 [AMD_CLK_GetLoversGift]를 받은 [AMD_ET_TGT.GetFirstName]은 당신에게 감사했습니다.;;;;;;;;;;;;;x;
AMD_EV_DESC_21010_3;당신이 준비한 [AMD_CLK_GetLoversGift]를 받은 [AMD_ET_TGT.GetFirstName]은 달갑잖은 표정으로 몇 마디 감사의 말을 던졌습니다. 선물이 마음에 들지 않은 모양입니다...;;;;;;;;;;;;;x;


AMD_String_LOVERS_GIFT_0;선물;;;;;;;;;;;;x;
AMD_String_LOVERS_GIFT_1;옷;;;;;;;;;;;;x;
AMD_String_LOVERS_GIFT_2;장신구;;;;;;;;;;;;x;
AMD_String_LOVERS_GIFT_3;무기;;;;;;;;;;;;x;
AMD_String_LOVERS_GIFT_4;그림;;;;;;;;;;;;x;
AMD_String_LOVERS_GIFT_5;조각상;;;;;;;;;;;;x;
AMD_String_LOVERS_GIFT_6;서적;;;;;;;;;;;;x;




#	picture = GFX_evt_longbowman
AMD_EV_DESC_21021_1;당신은 [AMD_ET_TGT.GetFirstName]와 함께 활쏘기를 연습했습니다. 훌륭하게 과녁을 맞추는 당신의 모습을 [AMD_ET_TGT.GetFirstName]이 눈을 반짝이며 지켜봅니다.;;;;;;;;;;;;;x;
AMD_EV_DESC_21021_2;당신은 [AMD_ET_TGT.GetFirstName]와 함께 활쏘기를 했습니다. 그럭저럭 재미있게 즐겼습니다...;;;;;;;;;;;;;x;
AMD_EV_DESC_21021_3;당신은 [AMD_ET_TGT.GetFirstName]와 함께 활쏘기를 했습니다. 대체 무슨 생각으로 이런 걸 하자고 했을까요? 화살은 엉뚱한 곳으로 날아갔고, [AMD_ET_TGT.GetFirstName]은 영 좋지 않은 표정입니다...;;;;;;;;;;;;;x;
AMD_EV_OPT_21021_1;실내 야간사격 훈련을 실시한다!;;;;;;;;;;;;;x;
AMD_EV_OPT_21021_2;명중! 좀 더 쏴볼까?;;;;;;;;;;;;;x;
AMD_EV_OPT_21021_3;악! 이건 정말 아프다...;;;;;;;;;;;;;x;

#	picture = GFX_evt_market
AMD_EV_DESC_21022_1;당신은 [AMD_ET_TGT.GetFirstName]와 함께 [Root.Location.GetName]의 시장을 돌아보기로 했습니다. 예상외의 지출이 늘어나고 있지만, [AMD_ET_TGT.GetFirstName]은 굉장히 즐거워 보이는군요...;;;;;;;;;;;;;x;
AMD_EV_DESC_21022_2;당신은 [AMD_ET_TGT.GetFirstName]와 함께 [Root.Location.GetName]의 시장을 돌아보기로 했습니다. 그럭저럭 재미있게 즐겼습니다...;;;;;;;;;;;;;x;
AMD_EV_DESC_21022_3;당신은 [AMD_ET_TGT.GetFirstName]와 함께 [Root.Location.GetName]의 시장을 돌아보기로 했습니다. 하지만 쓸만한 물건은 보이지 않고, 혼잡한 인파 때문에 슬슬 불쾌해집니다...;;;;;;;;;;;;;x;
AMD_EV_OPT_21022_1;새 배게의 감촉이 궁금한데, 같이 알아볼까?;;;;;;;;;;;;;x;
AMD_EV_OPT_21022_2;얼마나 많이 산 거지? 계산 좀 해봐야겠는데...;;;;;;;;;;;;;x;
AMD_EV_OPT_21022_3;잠깐, 지갑이 없어졌어!;;;;;;;;;;;;;x;

#	picture = GFX_evt_feast
AMD_EV_DESC_21023_1;당신은 [AMD_ET_TGT.GetFirstName]와 함께 귀한 식재료를 아낌없이 쏟아부은 호화로운 만찬을 즐겼습니다. 화려한 요리와 비싼 술의 열기에 사로잡혀, [AMD_ET_TGT.GetFirstName]와 당신은 자연스럽게 눈을 마주칩니다...;;;;;;;;;;;;;x;
AMD_EV_DESC_21023_2;당신은 [AMD_ET_TGT.GetFirstName]와 함께 귀한 식재료를 아낌없이 쏟아부은 호화로운 만찬을 즐겼습니다. 그럭저럭 잘 먹었습니다...;;;;;;;;;;;;;x;
AMD_EV_DESC_21023_3;당신은 [AMD_ET_TGT.GetFirstName]와 함께 화려한 식사를 하려 했습니다만, 유감스럽게도 요리사가 큰 부상을 당했다고 합니다. 심지어 남은 요리사들끼리 다툼이 생겨 요리는 엉망이 되었고, 비싼 돈 주고 산 술은 쏟아지고 말았습니다...;;;;;;;;;;;;;x;
AMD_EV_OPT_21023_1;식후엔 운동이 필요한 법...;;;;;;;;;;;;;x;
AMD_EV_OPT_21023_2;맛있어! 이거 엄청 맛있어!;;;;;;;;;;;;;x;
AMD_EV_OPT_21023_3;배가 아픈데...;;;;;;;;;;;;;x;

#	picture = GFX_evt_library	picture = GFX_evt_book_carolingian_script
AMD_EV_DESC_21024_1;당신은 [AMD_ET_TGT.GetFirstName]와 함께 딱 붙어앉아 함께 '음란한 아르메니안 하녀'를 읽었습니다. 문득 뜨거운 숨결이 느껴져 고개를 돌려보니, [AMD_ET_TGT.GetFirstName]이 의미심장한 얼굴로 미소짓습니다...;;;;;;;;;;;;;x;
AMD_EV_DESC_21024_2;당신은 [AMD_ET_TGT.GetFirstName]와 함께 조용히 독서를 하며 시간을 보냈습니다. 그럭저럭 편히 쉬었습니다...;;;;;;;;;;;;;x;
AMD_EV_DESC_21024_3;당신은 [AMD_ET_TGT.GetFirstName]와 함께 조용히 독서를 하며 시간을 보냈습니다. 하지만 오늘 가져온 책은 너무나 재미없었고, 쏟아지는 졸음을 버티기가 힘듭니다...;;;;;;;;;;;;;x;
AMD_EV_OPT_21024_1;이론은 충분해.;;;;;;;;;;;;;x;
AMD_EV_OPT_21024_2;아! 장로 두루마리 아시는구나!;;;;;;;;;;;;;x;


AMD_EV_DESC_21027_1;당신은 [AMD_ET_TGT.GetFirstName]와 함께 공놀이를 즐겼습니다. 이 시대의 귀족이 할 만한 공놀이는 얼마 없지만 아무튼 몸을 움직이는 건 즐거운 일입니다...;;;;;;;;;;;;;x;
AMD_EV_DESC_21027_2;당신은 [AMD_ET_TGT.GetFirstName]와 함께 공놀이를 했습니다. 하지만 게임은 잘 풀리지 않았고, [AMD_ET_TGT.GetFirstName]도 별로 즐거워 보이지 않습니다...;;;;;;;;;;;;;x;
AMD_EV_OPT_21027_1;이제 다른 공을 가지고 놀아볼까?;;;;;;;;;;;;;x;
AMD_EV_OPT_21027_2;재미있어! 한판 더 할까?;;;;;;;;;;;;;x;
AMD_EV_OPT_21027_3;악! 얼굴에 맞았어!;;;;;;;;;;;;;x;

AMD_EV_DESC_21028_1;당신은 [AMD_ET_TGT.GetFirstName]와 함께 작은 배를 타고 뱃놀이를 즐겼습니다. [AMD_ET_TGT.GetFirstName]와 당신은 천천히 물살을 가르며 나아가는 배 위에서 사랑을 속삭이며 사치스러운 시간을 보냈습니다.;;;;;;;;;;;;;x;
AMD_EV_DESC_21028_2;당신은 [AMD_ET_TGT.GetFirstName]와 함께 작은 배를 타고 뱃놀이를 했습니다. 하지만 배는 정비가 안 되었는지 불안하게 삐걱거리고, [AMD_ET_TGT.GetFirstName]은 안색이 좋지 않습니다...;;;;;;;;;;;;;x;
AMD_EV_OPT_21028_1;배는 많이 탔으니, 이제 당신을 타고 싶은데...;;;;;;;;;;;;;x;
AMD_EV_OPT_21028_3;물이 샌다! 배를 버려라!;;;;;;;;;;;;;x;

AMD_EV_DESC_21029;당신과 [AMD_ET_TGT.GetFirstName]은 숲속을 누비며 두 마리 어린 짐승처럼 즐거운 시간을 보냈습니다.;;;;;;;;;;;;;x;



AMD_EV_OPT_21020_bad;개판이군. 오늘은 아무것도 안 되겠어...;;;;;;;;;;;;;x;

AMD_String_LOVERS_DATE_1;공놀이;;;;;;;;;;;;x;
AMD_String_LOVERS_DATE_2;활쏘기;;;;;;;;;;;;x;
AMD_String_LOVERS_DATE_3;뱃놀이;;;;;;;;;;;;x;
AMD_String_LOVERS_DATE_4;쇼핑;;;;;;;;;;;;x;
AMD_String_LOVERS_DATE_5;만찬;;;;;;;;;;;;x;
AMD_String_LOVERS_DATE_6;독서;;;;;;;;;;;;x;
AMD_String_LOVERS_DATE_9;짐승;;;;;;;;;;;;x;





AMD_EV_DESC_22010;당신은 [AMD_ET_TGT.GetFirstName]이 감금되어 있는 [AMD_ET_TGT.AMD_CLK_GetPrisonType]을 방문했습니다.\n[AMD_ET_TGT.AMD_CLK_GetPrisonerHate] [AMD_ET_TGT.AMD_CLK_GetPrisonerObey] [AMD_ET_TGT.AMD_CLK_GetPrisonerFear] [AMD_ET_TGT.AMD_CLK_GetPrisonerLust] ;;;;;;;;;;;;;x;
AMD_EV_OPT_22010_1;대화;;;;;;;;;;;;;x;
AMD_EV_TT_22010_1;포로와 대화합니다. 회유와 협박, 그리고 협상이 가능합니다.;;;;;;;;;;;;;x;
AMD_EV_OPT_22010_2;고문;;;;;;;;;;;;;x;
AMD_EV_TT_22010_2;DLC Reapers의 고문, 신체절단, 망신주기 기능을 사용합니다. DLC가 없으면 일부 기능은 쓸 수 없으며, 게임 규칙 설정과 무관하게 고문 후에도 포로는 석방되지 않습니다.;;;;;;;;;;;;;x;
AMD_EV_OPT_22010_3;능욕;;;;;;;;;;;;;x;
AMD_EV_TT_22010_3;폭력적이고 선정적인 고문을 행합니다. 개발자는 게임 내에서 묘사된 행위의 승인, 묵인, 또는 참여를 권장하거나 지지하지 않습니다.;;;;;;;;;;;;;x;
AMD_EV_OPT_22010_4;오늘은 이만 물러가주지.;;;;;;;;;;;;;x;

AMD_String_PrisonType_0;감옥;;;;;;;;;;;;x;
AMD_String_PrisonType_1;개인실;;;;;;;;;;;;x;
AMD_String_PrisonType_2;지하 감옥;;;;;;;;;;;;x;
AMD_String_PrisonType_3;비밀 지하 감옥;;;;;;;;;;;;x;

AMD_String_PrisonerHate_0;반발0;;;;;;;;;;;;x;
AMD_String_PrisonerHate_1;반발1;;;;;;;;;;;;x;
AMD_String_PrisonerHate_2;반발2;;;;;;;;;;;;x;
AMD_String_PrisonerHate_3;반발3;;;;;;;;;;;;x;
AMD_String_PrisonerHate_4;반발4;;;;;;;;;;;;x;
AMD_String_PrisonerHate_5;반발5;;;;;;;;;;;;x;

AMD_String_PrisonerObey_0;굴복0;;;;;;;;;;;;x;
AMD_String_PrisonerObey_1;굴복1;;;;;;;;;;;;x;
AMD_String_PrisonerObey_2;굴복2;;;;;;;;;;;;x;
AMD_String_PrisonerObey_3;굴복3;;;;;;;;;;;;x;
AMD_String_PrisonerObey_4;굴복4;;;;;;;;;;;;x;
AMD_String_PrisonerObey_5;굴복5;;;;;;;;;;;;x;

AMD_String_PrisonerFear_0;공포0;;;;;;;;;;;;x;
AMD_String_PrisonerFear_1;공포1;;;;;;;;;;;;x;
AMD_String_PrisonerFear_2;공포2;;;;;;;;;;;;x;
AMD_String_PrisonerFear_3;공포3;;;;;;;;;;;;x;
AMD_String_PrisonerFear_4;공포4;;;;;;;;;;;;x;
AMD_String_PrisonerFear_5;공포5;;;;;;;;;;;;x;

AMD_String_PrisonerLust_0;욕망0;;;;;;;;;;;;x;
AMD_String_PrisonerLust_1;욕망1;;;;;;;;;;;;x;
AMD_String_PrisonerLust_2;욕망2;;;;;;;;;;;;x;
AMD_String_PrisonerLust_3;욕망3;;;;;;;;;;;;x;
AMD_String_PrisonerLust_4;욕망4;;;;;;;;;;;;x;
AMD_String_PrisonerLust_5;욕망5;;;;;;;;;;;;x;


AMD_EV_DESC_22020;당신은 [AMD_ET_TGT.GetFirstName]와 대화를 해보기로 했습니다. 회유, 협박, 그리고 자유를 위한 협상이 가능합니다.\n[AMD_ET_TGT.AMD_CLK_GetPrisonerHate] [AMD_ET_TGT.AMD_CLK_GetPrisonerObey] [AMD_ET_TGT.AMD_CLK_GetPrisonerFear] [AMD_ET_TGT.AMD_CLK_GetPrisonerLust] ;;;;;;;;;;;;;x;
AMD_EV_OPT_22020_1;회유;;;;;;;;;;;;;x;
AMD_EV_TT_22020_1;적절한 대화와 떡밥으로 상대의 반감을 줄입니다. 실패시 공포 감소.\n\n;;;;;;;;;;;;;x;
AMD_EV_OPT_22020_2;협박;;;;;;;;;;;;;x;
AMD_EV_TT_22020_2;당신에게 협력하지 않으면 생길 수 있는 일들에 대한 정보를 제공합니다. 성공시 공포 상승, 실패시 반발 상승.\n\n;;;;;;;;;;;;;x;
AMD_EV_OPT_22020_3;교섭;;;;;;;;;;;;;x;
AMD_EV_TT_22020_3;포로의 자유를 놓고 협상합니다. 소지금 전체, 봉신화, 클레임 포기 등 일반적인 몸값보다 더 큰 것을 요구할 수 있습니다.;;;;;;;;;;;;;x;

AMD_EV_DESC_22030;당신은 [AMD_ET_TGT.GetFirstName]에게 삶과 자유의 소중함을 느끼게 해줄 놀라운 경험을 선사해주기로 했습니다. \n[AMD_ET_TGT.AMD_CLK_GetPrisonerHate] [AMD_ET_TGT.AMD_CLK_GetPrisonerObey] [AMD_ET_TGT.AMD_CLK_GetPrisonerFear] [AMD_ET_TGT.AMD_CLK_GetPrisonerLust] ;;;;;;;;;;;;;x;
AMD_EV_OPT_22030_1;고문;;;;;;;;;;;;;x;
AMD_EV_TT_22030_1;신체에 손상을 주지 않는 가벼운 고문을 행합니다.;;;;;;;;;;;;;x;
AMD_EV_OPT_22030_2;절단;;;;;;;;;;;;;x;
AMD_EV_TT_22030_2;영구적인 체중감량을 동반하는 가혹한 고문을 행합니다.;;;;;;;;;;;;;x;
AMD_EV_OPT_22030_3;망신;;;;;;;;;;;;;x;
AMD_EV_TT_22030_3;정신과 존엄성에 악영향을 주는 수치스러운 고문을 행합니다. 성적 행위는 포함되지 않음.;;;;;;;;;;;;;x;


AMD_EV_DESC_22031_1;당신은 [AMD_ET_TGT.GetFirstName]에게 밖에서는 할 수 없는 진귀한 경험을 할 수 있는 기회를 제공했습니다. 자세한 내용이 궁금하시면 DLC Reapers Due를 구매하세요!;;;;;;;;;;;;;x;
AMD_EV_DESC_22033_1;당신은 간단한 수술을 통해 [AMD_ET_TGT.GetFirstName]의 체중을 영구적으로 감량하였습니다. 자세한 내용이 궁금하시면 DLC Reapers Due를 구매하세요!;;;;;;;;;;;;;x;
AMD_EV_OPT_22033_1;짐을 덜어주는 건 보람찬 일이지!;;;;;;;;;;;;;x;
AMD_EV_DESC_22033_2;이 세상에는 눈 뜨고 못 볼 끔찍한 것들이 너무나 많습니다. 하지만 [AMD_ET_TGT.GetFirstName]은 더이상 그런 것들로 인해 고통받지 않을 것입니다.;;;;;;;;;;;;x;
AMD_EV_OPT_22033_2;관점을 바꾸면 행복은 가까이에 있다네.;;;;;;;;;;;;;x;
AMD_EV_DESC_22033_3;어느 시대에나 남자들은 허리 아래의 욕망으로부터 자유롭지 못했습니다. 하지만 [AMD_ET_TGT.GetFirstName]은 이제 그런 걱정을 하지 않아도 됩니다.;;;;;;;;;;;;x;
AMD_EV_OPT_22033_3;고맙지 않은가?;;;;;;;;;;;;;x;


AMD_EV_DESC_22039;[AMD_ET_TGT.GetFirstName]은 가혹한 고문을 견디지 못하고 사망했습니다.;;;;;;;;;;;;;x;
AMD_EV_DESC_22039_1;[AMD_ET_TGT.GetFirstName]은 가혹한 고문을 견디지 못하고 사망했습니다.;;;;;;;;;;;;;x;
AMD_EV_DESC_22039_2;[AMD_ET_TGT.GetFirstName]은 급격한 체중 감량의 부작용으로 사망했습니다.;;;;;;;;;;;;;x;
AMD_EV_OPT_22039_1;왜 죽지? 살고 싶지 않은건가?;;;;;;;;;;;;;x;

AMD_EV_DESC_22040;당신은 [AMD_ET_TGT.GetFirstName]의 지루한 감금생활에 새로운 자극을 주기로 했습니다. [AMD_ET_TGT.AMD_CLK_GetPrisonerState] \n[AMD_ET_TGT.AMD_CLK_GetPrisonerHate] [AMD_ET_TGT.AMD_CLK_GetPrisonerObey] [AMD_ET_TGT.AMD_CLK_GetPrisonerFear] [AMD_ET_TGT.AMD_CLK_GetPrisonerLust] ;;;;;;;;;;;;;x;
AMD_String_PrisonerState_Virgin;[AMD_ET_TGT.GetTitledFirstName]은 다가올 끔찍한 시간을 예감한 듯 작게 떨고 있습니다.;;;;;;;;;;;;;x;
AMD_String_PrisonerState_Brave;[AMD_ET_TGT.GetTitledFirstName]은 당신을 똑바로 노려보고 있습니다.;;;;;;;;;;;;;x;
AMD_String_PrisonerState_Broken;[AMD_ET_TGT.GetTitledFirstName]은 공허한 눈빛으로 당신을 바라보며 의미를 알 수 없는 미소를 지었습니다.;;;;;;;;;;;;;x;
AMD_String_PrisonerState_Lust;[AMD_ET_TGT.GetTitledFirstName]은 뭔가 기대하는 듯한 눈빛으로 당신을 바라보며 얼굴을 붉혔습니다.;;;;;;;;;;;;;x;

AMD_EV_OPT_22040_0;조교;;;;;;;;;;;;;x;
AMD_EV_TT_22040_0;대상의 성적 욕망을 자극하여 당신에게 따르게 합니다.;;;;;;;;;;;;;x;
AMD_EV_OPT_22040_1;빠른 강간;;;;;;;;;;;;;x;
AMD_EV_TT_22040_1;수감자에게 사랑을 줍니다. ;;;;;;;;;;;;;x;
AMD_EV_OPT_22040_2;긴 밤;;;;;;;;;;;;;x;
AMD_EV_TT_22040_2;수감자와 좀 더 오랜 시간을 보냅니다.;;;;;;;;;;;;;x;
AMD_EV_TT_22040_PC;비록 주위에 경비병들이 있고 상대가 비무장이라고 해도, 무방비한 상태로 적대적인 남자와 접촉하는 것은 위험한 일입니다.;;;;;;;;;;;;;x;

AMD_CT_22100_reverse_rape_failed;죄수의 역습!;;;;;;;;;;;;;x;
AMD_EV_OPT_22040_3;성고문;;;;;;;;;;;;;x;
AMD_EV_TT_22040_3;성적인 고문을 합니다...;;;;;;;;;;;;;x;
AMD_EV_TT_22040_3_gangbang;구멍만 있으면 남녀노소 생사인마를 가리지 않는 지하감옥의 흉악범들이 [AMD_ET_TGT.GetFirstName]에게 가르침을 줄 것입니다.;;;;;;;;;;;;;x;
AMD_EV_TT_22040_3_horse;[AMD_ET_PRISON_HORSE.GetTitledFirstName]에게 [AMD_ET_TGT.GetTitledFirstName]의 교육을 부탁합니다.;;;;;;;;;;;;;x;
AMD_EV_TT_22040_3_bear;[AMD_ET_PRISON_BEAR.GetTitledFirstName]에게 [AMD_ET_TGT.GetTitledFirstName]의 교육을 부탁합니다.;;;;;;;;;;;;;x;
AMD_EV_TT_22040_3_cat;[AMD_ET_PRISON_CAT.GetTitledFirstName]에게 [AMD_ET_TGT.GetTitledFirstName]의 교육을 부탁합니다.;;;;;;;;;;;;;x;



AMD_OPT_22100_rape;내가 직접 손봐주마.;;;;;;;;;;;;;x;
AMD_CT_22100_rape;당신이 직접 [AMD_ET_TGT.GetTitledFirstName]을 강간합니다.;;;;;;;;;;;;;x;
AMD_OPT_22100_reverse_rape;내가 직접 손봐주마.;;;;;;;;;;;;;x;
AMD_CT_22100_reverse_rape_success;역강간!;;;;;;;;;;;;;x;
AMD_OPT_22100_rape_assi;내 친구가 재미볼 시간이군.;;;;;;;;;;;;;x;
AMD_CT_22100_rape_assi;당신의 비밀 친구가 [AMD_ET_TGT.GetTitledFirstName]을 상대합니다.;;;;;;;;;;;;;x;
AMD_OPT_22100_rape_gang;지하감옥의 쓰레기들을 데려와라!;;;;;;;;;;;;;x;



AMD_EV_DESC_22090;당신은 [AMD_ET_TGT.GetFirstName]의 자유와 무거운 대가를 저울에 올리고 교섭을 진행합니다. \n[AMD_ET_TGT.AMD_CLK_GetPrisonerHate] [AMD_ET_TGT.AMD_CLK_GetPrisonerObey] [AMD_ET_TGT.AMD_CLK_GetPrisonerFear] [AMD_ET_TGT.AMD_CLK_GetPrisonerLust] ;;;;;;;;;;;;;x;
AMD_EV_OPT_22090_1;가진 돈을 모두 토해내라.;;;;;;;;;;;;x;
AMD_EV_TT_22090_1;드... 드리겠습니다!;;;;;;;;;;;;x;
AMD_EV_OPT_22090_2;내게 충성하라.;;;;;;;;;;;;x;
AMD_EV_OPT_22090_3;이 문서에 서명해라.;;;;;;;;;;;;x;
AMD_EV_TT_22090_3;대상이 소유한 작위의 클레임을 받아내거나, 당신이 가진 작위에 대한 클레임을 삭제할 수 있습니다..;;;;;;;;;;;;x;
AMD_EV_OPT_22090_4;내게 복종하라.;;;;;;;;;;;;x;


AMD_EV_TT_22015_ACCEPT;제안을 받아들인다.;;;;;;;;;;;;x;
AMD_EV_TT_22015_REFUSE;허나 거절한다!;;;;;;;;;;;;x;


AMD_EV_DESC_22091;당신은 [AMD_ET_TGT.GetFirstName]에게 자유의 대가로 전재산을 내놓을 것을 요구했고, [AMD_ET_TGT.GetFirstName]은 그 제안을 수락했습니다. ;;;;;;;;;;;;;x;
AMD_EV_DESC_22092;당신은 [AMD_ET_TGT.GetFirstName]에게 봉신으로서 충성을 맹세할 것을 요구했고, [AMD_ET_TGT.GetFirstName]은 그 제안을 수락했습니다. ;;;;;;;;;;;;;x;
AMD_EV_OPT_22092_1;새로운 봉신을 환영한다.;;;;;;;;;;;;;x;
AMD_EV_OPT_22092_2;새로운 가신을 환영한다.;;;;;;;;;;;;;x;
AMD_EV_DESC_22093;당신은 [AMD_ET_TGT.GetFirstName]에게 작위의 권리에 관한 문서에 서명할 것을 요구했고, [AMD_ET_TGT.GetFirstName]은 그 제안을 수락했습니다. 그 문서의 내용은...;;;;;;;;;;;;;x;
AMD_EV_OPT_22093_1;날조된 권리 문서.;;;;;;;;;;;;;x;
AMD_EV_OPT_22093_2;주장을 포기한다.;;;;;;;;;;;;;x;
AMD_EV_DESC_22094;당신은 [AMD_ET_TGT.GetFirstName]에게 성노예로서 충성을 맹세할 것을 요구했고, [AMD_ET_TGT.GetFirstName]은 그 제안을 수락했습니다. ;;;;;;;;;;;;;x;
AMD_EV_OPT_22094_1;봉신으로서 받아들인다.;;;;;;;;;;;;;x;
AMD_EV_TT_22094_1;당신보다 급이 낮은 영주이기 때문에 가능합니다.\n[AMD_ET_TGT.GetFirstName]은 모든 작위를 유지한 채로 당신의 봉신이 됩니다.;;;;;;;;;;;;;x;
AMD_EV_OPT_22094_2;몸만 있으면 충분하다.;;;;;;;;;;;;;x;
AMD_EV_TT_22094_2;[AMD_ET_TGT.GetFirstName]은 후계자에게 양위하고 당신의 궁정에 합류합니다. 당신은 [AMD_ET_TGT.GetFirstName]이 가졌던 모든 작위에 대한 클레임을 얻습니다.;;;;;;;;;;;;;x;

AMD_EV_DESC_22099;[AMD_ET_TGT.GetFirstName]은 당신의 제안을 거부했습니다. [AMD_ET_TGT.GetFirstName]은 그 제안을 수락했습니다. ;;;;;;;;;;;;;x;
AMD_EV_OPT_22099_9;아주 좋소.;;;;;;;;;;;;;x;


#unused. old ver data
AMD_OPT_21010_gift;사랑을 위해 돈을 아끼지 않는다.;;;;;;;;;;;;;x;
AMD_CT_gift_happy;멋진 선물과 호화로운 식사, 고급 와인이 좋은 분위기를 조성합니다.;;;;;;;;;;;;;x;
AMD_OPT_21010_slave;아주 좋아. 이제 떡이나 치자고!;;;;;;;;;;;;;x;
AMD_OPT_21010_master;주인님... 더 이상 못 참겠어요...;;;;;;;;;;;;;x;
AMD_CT_slave_happy;두 사람의 특별한 관계로 인해 흥분도가 크게 상승합니다.;;;;;;;;;;;;;x;
AMD_OPT_21010_bed;좋아. 이제 침대로 가자.;;;;;;;;;;;;;x;
AMD_CT_21010_bed;당신의 매력과 외교력에 따라 성공률이 변합니다.\n;;;;;;;;;;;;;x;
AMD_CT_good_start;약간 좋은 분위기로 시작합니다.;;;;;;;;;;;;;x;
AMD_CT_normal_start;변화 없음.;;;;;;;;;;;;;x;
AMD_CT_bad_start;약간 나쁜 분위기로 시작합니다.;;;;;;;;;;;;;x;
AMD_OPT_21010_just_talk;사랑도 좋지만, 대화를 나누고 싶다.;;;;;;;;;;;;;x;
AMD_CT_21010_just_talk;두 사람은 진지하게 대화를 합니다.\n;;;;;;;;;;;;;x;



#	이벤트 - 스킬 수련 ;0000000001000000000200000000030000000004000000000500000000060000000007;;;;;;;;;;;;;x;
AMD_EV_DESC_24000_1;오늘 충격적인 사실을 알게 되었다. 아기는 황새가 물어오는 것이 아니었다! 가문을 이어가는 데 필수적인 이 일에 대해서 나는 아는 것이 너무 없다. 공부를 해야 하는게 아닐까...;;;;;;;;;;;;;x;
AMD_EV_DESC_24000_2;나는 무엇을 어디에 넣어서 아기를 만드는지는 안다. 그러나 밤의 침실에서 일어나는 일은 그게 전부가 아닌 것 같다. 이 문제에 대해서 좀 더 알아봐야 할까?;;;;;;;;;;;;;x;
AMD_EV_DESC_24000_3;나는 밤일에 제법 자신이 있지만, 결코 최고는 아니다. 세상에는 나보다 더 뛰어난 고수들이 많고, 내가 상상도 못한 기술들이 존재한다. 밤기술을 더 갈고닦을 시간이 있을까?;;;;;;;;;;;;;x;
AMD_EV_DESC_24000_4;나의 정력과 밤기술은 거의 최고의 수준에 이르렀다고 자부하지만, 가끔 더 높은 경지가 존재할지도 모른다는 생각이 든다. 과연 연구할 가치가 있을까?;;;;;;;;;;;;;x;
AMD_EV_OPT_24000_1;물론 그만한 가치가 있다!;;;;;;;;;;;;;x;
AMD_EV_OPT_24000_2;아니, 시간낭비다.;;;;;;;;;;;;;x;

AMD_EV_DESC_24002_1;밤기술을 연구하기 위해 내가 가진 책들을 읽어보기로 했다. 마침 그런 목적에 적절한 책이 있는 것 같다...;;;;;;;;;;;;;x;
AMD_EV_DESC_24002_2;인체의 신비와 밤의 기술에 대해 알아보고 싶었지만, 서고에는 그런 목적에 맞는 책이 없었다... 그래서 나는 그런 책을 수소문했고, 마침내 내가 원하던 바로 그 책을 살 수 있는 기회가 찾아왔다!;;;;;;;;;;;;;x;
AMD_EV_OPT_24002_1;책 속에 길이 있다.;;;;;;;;;;;;;x;

AMD_EV_DESC_24003_1;오늘 영지를 돌아보다가 젊은 남자들이 모여 이야기하는 것을 들었다. 그들은 여자의 신체구조에 대한 토론을 벌이고 있었고, 나는 그 이야기를 들으며 도움이 될 만한 내용이 있는지 생각해보았다...;;;;;;;;;;;;;x;
AMD_EV_DESC_24003_2;오늘 병영을 돌아보던 중 병사들이 휴식하며 이야기하는 것을 들었다. 그들은 여자를 다루는 방법에 대해 이야기하고 있었고, 나는 그 이야기를 들으며 도움이 될 만한 내용이 있는지 생각해보았다...;;;;;;;;;;;;;x;
AMD_EV_DESC_24003_3;오늘 시장을 돌아보다, 상인들이 구석에서 이야기하는 것을 들었다. 그들은 각지의 창녀들이 가진 환상적인 기술과 가격에 대해 한참을 떠들었고, 나는 그 이야기에 쓸만한 내용이 있는지 생각해보았다...;;;;;;;;;;;;;x;
AMD_EV_DESC_24003_4;오늘 궁내를 돌아보다, 나이 지긋한 시녀들이 이야기하는 것을 들었다. 그녀들은 잠자리에 대해 풍성한 이야기거리를 가지고 있었고, 나는 그 이야기를 엿들으며 도움이 될 만한 내용이 있는지 생각해보았다...;;;;;;;;;;;;;x;
AMD_EV_OPT_24003_1;음... 들을 가치가 있는 내용이었다.;;;;;;;;;;;;;x;

AMD_EV_DESC_24004_1;음란방탕한 사생활로 궁내에서 그 명성이 높은 [From.GetBestName]와 밤기술에 대해 이야기를 나누었다. 하지만 [From.GetSheHe]가 말한 내용은 전부 나도 잘 아는 것이었고, 전혀 도움이 되지 않았다...;;;;;;;;;;;;;x;
AMD_EV_DESC_24004_2;음란방탕한 사생활로 궁내에서 그 명성이 높은 [From.GetBestName]와 밤기술에 대해 이야기를 나누었다. [From.GetSheHe]는 자신의 기술을 기쁘게 알려주었으며, 우리는 꽤 충실한 대화를 나누었다.;;;;;;;;;;;;;x;
AMD_EV_OPT_24004_1;배운 것은 없지만 사이는 좋아진 것 같다.;;;;;;;;;;;;;x;
AMD_EV_OPT_24004_2;지식과 우정을 모두 얻었군.;;;;;;;;;;;;;x;

AMD_EV_DESC_24005;혼자서 공부하는 것도 좋지만, 보다 뛰어난 자에게 배우는 것 또한 좋은 방법이다. 최근에 들은 소문에 따르면, 먼 동방에서 온 인체의 신비와 밤의 기예를 극한까지 연마한 달인이 [Root.GetCapitalLocation] 주위에 와 있다고 한다...;;;;;;;;;;;;;x;
AMD_EV_OPT_24005_0;내 궁정에 신비한 중국인은 필요없다!;;;;;;;;;;;;;x;
AMD_EV_OPT_24005_1;대인! 부디 제게 가르침을 주십시오!;;;;;;;;;;;;;x;
AMD_EV_OPT_24005_2;무슨 책으로 공부하셨습니까?;;;;;;;;;;;;;x;

AMD_EV_DESC_24006_0;내게 밤기술과 인체의 신비에 대한 가르침을 줄 만한 전문가들을 찾기 위해 영지를 둘러보았지만, [Root.GetCapitalLocation] 주위에서는 그 기술을 생업으로 삼는 자들이 모여있는 곳을 찾을 수 없었다...;;;;;;;;;;;;;x;
AMD_EV_OPT_24006_1;전문가의 경험담을 들어볼까...;;;;;;;;;;;;;x;
AMD_EV_OPT_24006_2;백 번 듣는 것이 한 번 보는 것만 못하다지?;;;;;;;;;;;;;x;
AMD_EV_OPT_24006_3;실습이 완벽을 만든다.;;;;;;;;;;;;;x;
AMD_EV_OPT_24006_8;그런 곳은 들어가고 싶지 않다.;;;;;;;;;;;;;x;
AMD_EV_OPT_24006_9;없으면 만든다!;;;;;;;;;;;;;x;



AMD_EV_DESC_24009_1;황새는 거짓말이었다. 중요한 것은 무엇을 어디에 넣고 언제 빼는가 하는 간단한 문제다... 이제 나는 성인으로서 알아야 할 기본적인 지식을 알게 되었다.;;;;;;;;;;;;x;
AMD_EV_DESC_24009_2;넣고 빼는 것은 짐승이라도 할 수 있는 일이다. 그러나 지성을 가진 존재는 단순한 번식 행위를 보다 의미있고 즐거운 시간으로 만들 수 있다... 이제 나는 그 기술을 안다.;;;;;;;;;;;;x;
AMD_EV_DESC_24009_3;밤기술 수련은 헛되지 않았고, 나의 기술은 이제 예술의 영역에 들어섰다... 이제 나는 밤이 두렵지 않다.;;;;;;;;;;;;x;
AMD_EV_DESC_24009_4;사랑의 예술을 다각도로 탐구하고 극한까지 연마한 끝에, 나는 더 이상 배울 것이 없는 최고의 경지에 도달했다... 이제 누구도 나의 사랑을 막지 못하리라!;;;;;;;;;;;;x;

AMD_EV_DESC_24099_0;나는 더이상 섹스 공부 따위에 시간을 낭비하지 않기로 했다.;;;;;;;;;;;;x;
AMD_EV_DESC_24099_1;나는 이제 밤일 같은 것에 관심이 가지 않는 몸이 되었다. 더이상 쓸모없는 공부에 시간을 낭비하지 않겠다.;;;;;;;;;;;;x;
AMD_EV_DESC_24099_2;나는 금욕의 맹세를 했다. 더이상 육신의 욕망을 자극하는 공부에 시간을 낭비하지 않겠다.;;;;;;;;;;;;x;
AMD_EV_DESC_24099_3;나는 더이상 배울 것도 연구할 것도 없는 최고의 경지에 도달했다. 공부는 끝이다.;;;;;;;;;;;;x;
AMD_EV_OPT_24099;나는 더이상 배울 것도 연구할 것도 없는 최고의 경지에 도달했다. 공부는 끝이다.;;;;;;;;;;;;x;


#	이벤트 - 연금술? ;0000000001000000000200000000030000000004000000000500000000060000000007;;;;;;;;;;;;;x;
AMD_EV_DESC_25000;다 죽어가는 노인도 피끓는 젊은이처럼 벌떡 일으켜세우고, 한번의 파종으로 확실히 열매를 거두거나, 아무리 뿌려도 열매가 맺히지 않게 해주는 신비한 약에 대한 전설이 있습니다. 하지만 그런 특수한 재주는 아무나 부릴 수 있는 것이 아닙니다...;;;;;;;;;;;;x;
AMD_EV_OPT_25000_0;역시 약물 같은 건 필요없다.;;;;;;;;;;;;;x;
AMD_EV_OPT_25000_1;시간과 예산을 들여 찾아본다.;;;;;;;;;;;;;x;
AMD_EV_OPT_25000_2;[Root.GetCapitalLocation]의 연금술사 길드에 협조를 요청한다.;;;;;;;;;;;;;x;
AMD_EV_OPT_25000_3;의사에게 물어본다.;;;;;;;;;;;;;x;
AMD_EV_OPT_25000_4;학회의 지원을 받는다.;;;;;;;;;;;;;x;
AMD_EV_TT_25000_4;당신은 헤르메스 학회의 일원이기 때문에 이 선택이 가능함;;;;;;;;;;;;;x;
AMD_EV_OPT_25000_5;어둠의 권세를 빌린다.;;;;;;;;;;;;;x;
AMD_EV_TT_25000_5;당신은 악마 숭배 결사의 일원이기 때문에 이 선택이 가능함;;;;;;;;;;;;;x;

AMD_EV_DESC_25002_0;연금술의 달인을 구하려는 당신의 노력은 실패로 돌아간 것 같습니다. 많은 돈을 쥐어 보냈던 정찰병들은 아무 소득도 없이 돌아왔고, 당신은 그 약물이라는 것이 정말 필요한지 심각하게 고민해봐야 할 것입니다.;;;;;;;;;;;;x;
AMD_EV_DESC_25002_1;오늘도 연금술사의 소식은 들리지 않습니다. 당신은 애초에 기대도 하지 않았기에 실망조차 없이 천문대로 올라왔습니다... 당신은 혼자가 아니었습니다. 좆같은... 아니, 악마적인 무언가가 당신의 천문대에 있습니다! 그것이 흉측하게 꿈틀거리며 내는 신성모독적인 소리는 인간의 그 어떤 언어와도 비슷하지 않았지만, 당신은 그 의미를 알 수 있었습니다. '거래';;;;;;;;;;;;x;
AMD_EV_OPT_25002_1;거래 성립...?;;;;;;;;;;;;;x;
AMD_EV_TT_25002_1;마라 성간 무역연합 관측소장은 당신이 영지에서 일어나는 괴현상을 눈감아주는 조건으로 약물을 제공할 것입니다.;;;;;;;;;;;;;x;
AMD_EV_DESC_25002_2;오늘도 연금술사의 소식은 들리지 않습니다. 당신은 애초에 기대도 하지 않았기에 실망조차 없이 천문대로 올라왔습니다... 당신은 혼자가 아니었습니다. 갑옷을 입은 사람? 천사? 악마? 당신이 아는 무엇과도 닮지 않은 그것은 당신이 잘 아는 언어로 전혀 이해할 수 없는 말을 하고 있습니다. '최우선 보존', '유전자 풀', '개체수 조절'... 당신이 알아들은 것은 딱 한 문장이었습니다. '동의하십니까?';;;;;;;;;;;;x;
AMD_EV_OPT_25002_2;어... 약관에 동의합니다?;;;;;;;;;;;;;x;
AMD_EV_TT_25002_2;지구 관리단은 당신이 살아있는 동안 아무 대가 없이 도와줄 것입니다.;;;;;;;;;;;;;x;
AMD_EV_DESC_25002_3;연금술사 수색을 위해 보낸 정찰병들은 한 소녀와 함께 돌아왔습니다. 신비한 소녀 연금술사는 당신이 원하는 약물을 무엇이든 만들어줄 수 있다고 했지만, 그 대가로 막대한 돈을 요구했습니다...;;;;;;;;;;;;x;
AMD_EV_OPT_25002_3;계약금을 지불한다.;;;;;;;;;;;;;x;
AMD_EV_TT_25002_3;그녀는 당신이 살아있는 동안 매달 돈을 받을 것이며, 약물을 만들 때마다 추가로 비용을 청구할 것입니다.;;;;;;;;;;;;;x;

AMD_EV_DESC_25002_4;연금술사를 따로 찾을 필요가 있을까? 나는 헤르메스 학회의 일원으로서 직접 연금술을 구사하여 신비한 약을 만들 수 있다. 필요한 재료와 설비는 영향력을 사용해서 조달할 수 있을 것이다.;;;;;;;;;;;;x;
AMD_EV_OPT_25002_4;아는 것이 힘이다.;;;;;;;;;;;;;x;
AMD_EV_TT_25002_4;당신이 헤르메스 학회의 일원인 동안, 약물 제조가 가능합니다.;;;;;;;;;;;;;x;
AMD_EV_DESC_25002_5;연금술사를 따로 찾을 필요가 있을까? 나는 어둠의 존재를 섬기는 자로서 그 권능을 빌려 신비한 약물과 같은 효과를 얻을 수 있다. 의식에는 어둠의 힘이 필요하지만, 그만한 가치가 있을 것이다.;;;;;;;;;;;;x;
AMD_EV_OPT_25002_5;왼팔의 흑염소가 꿈틀거린다...;;;;;;;;;;;;;x;
AMD_EV_TT_25002_5;당신이 악마 숭배 결사의 일원인 동안, 약물과 같은 효과를 내는 신비한 의식을 사용할 수 있습니다.;;;;;;;;;;;;;x;

AMD_EV_DESC_25002_6;존재하지 않을지도 모르는 자를 찾는 데 돈과 시간을 낭비하는 대신, 직접 약물 제조를 시도하는 것이 어떨까.;;;;;;;;;;;;x;
AMD_EV_OPT_25002_6;진료는 의사에게, 약도 의사에게.;;;;;;;;;;;;;x;
AMD_EV_TT_25002_6;당신의 의약학 지식을 이용해 약물 제조를 시도할 수 있습니다.;;;;;;;;;;;;;x;
AMD_EV_DESC_25002_70;존재하지 않을지도 모르는 자를 찾는 데 돈과 시간을 낭비하는 대신, 궁중 의사에게 추가 수당을 지급하고 특별한 주술 의식을 부탁할 수 있습니다. 성공률은 의사의 학력에 비례하지만, 결코 쉽지 않을 것입니다...;;;;;;;;;;;;x;
AMD_EV_DESC_25002_7;존재하지 않을지도 모르는 자를 찾는 데 돈과 시간을 낭비하는 대신, 직접 신비한 의식을 시도하는 것이 어떨까.;;;;;;;;;;;;x;
AMD_EV_OPT_25002_7;간절히 원하면 우주가 도와줄 것이다.;;;;;;;;;;;;;x;
AMD_EV_TT_25002_7;당신의 신비학 지식을 이용해 약물 제조와 같은 효과를 내는 주술 의식을 시도할 수 있습니다.;;;;;;;;;;;;;x;



AMD_EV_DESC_25010;이 신비한 연금술사는 모든 약의 제조법을 알고 있습니다. 당신이 충분한 대가를 지불한다면, 그녀는 완벽한 품질의 약을 제공할 것입니다. 이것을 어떻게 쓸지는 당신의 역량에 달렸습니다.;;;;;;;;;;;;x;
AMD_EV_DESC_25011;이 신성모독적인 형상의 존재는 당신이 갈망하는 불경한 물질을 공급해줄 수 있습니다. 하지만 이 존재와 거래할 때마다, 당신의 백성들이 고통받을 것입니다...;;;;;;;;;;;;x;
AMD_EV_DESC_25012_1;헤르메스 학회의 회원인 당신은 영향력과 재력을 동원해 원하는 약을 조제할 수 있습니다. 그러나 당신의 역량이 부족하다면 돈을 하수구에 버리는 꼴이 될 수도 있습니다...;;;;;;;;;;;;x;
AMD_EV_DESC_25012_2;당신 자신의 의약 지식과 의사의 도움으로 특별한 용도의 약을 조제합니다. 의사와 당신의 능력에 따라서 성공 가능성이 변동합니다.;;;;;;;;;;;;x;
AMD_EV_OPT_25010_1;최음제.;;;;;;;;;;;;;x;
AMD_EV_OPT_25010_2;피임약.;;;;;;;;;;;;;x;
AMD_EV_OPT_25010_3;임신촉진제.;;;;;;;;;;;;;x;
AMD_EV_OPT_25010_4;성장촉진제.;;;;;;;;;;;;;x

AMD_EV_DESC_25020;독살에 비하면 쉽긴 하지만, 특별한 약물을 타인에게 사용하는 것은 번거로운 일입니다. 대상과 당신의 관계 및 당신의 음모능력에 따라 성공률이 변동하며, 성공 여부에 무관하게 약은 소모됩니다...;;;;;;;;;;;;x;
AMD_EV_DESC_25021;지구 관리단은 최우선보호대상유기체의 개체수 조절 목적을 위해 특정 개체에 대한 제한적 나노로봇 시술을 승인하였습니다. 무엇을 도와드릴까요?;;;;;;;;;;;;x;
AMD_EV_DESC_25022_1;위대한 어둠의 존재를 섬기는 당신은 그 권세를 빌려 특별한 효과를 얻을 수 있습니다. 그러나 당신의 믿음과 역량이 부족하여 그 힘을 제대로 다루지 못한다면, 큰 대가를 치르게 될 것입니다...;;;;;;;;;;;;x;
AMD_EV_DESC_25022_2;당신 자신의 신비한 지식과 의사의 도움으로 특별한 효과를 내는 주술 의식을 시도할 수 있습니다. 의사와 당신의 능력에 따라 성공 가능성이 변동하며, 실패에는 대가가 따릅니다...;;;;;;;;;;;;x;




AMD_EV_DESC_26000; 세상에서 가장 오래된 직업에 종사하는 전문가들이 모여있는 [Root.GetCapitalLocation]의 홍등가를 방문했다. 나는 돈을 지불하고 서비스를 제공받거나, 이 지역의 시설과 문화를 위헤 투자할 수 있다. 어떻게 할까...;;;;;;;;;;;;x;
AMD_EV_OPT_26000_1;재미 좀 볼까?;;;;;;;;;;;;x;
AMD_EV_TT_26000_1;전문가들에게 돈을 지불하고 서비스를 제공받을 수 있습니다.;;;;;;;;;;;;x;
AMD_EV_TT_26000_2;일을 하고 돈을 받을 수 있습니다. 일의 내용은 무작위로 결정됩니다.;;;;;;;;;;;;x;
AMD_EV_TT_26000_3;이 지역에서 보다 다양한 서비스를 제공할 수 있도록 합니다.;;;;;;;;;;;;x;
AMD_EV_TT_26000_4;이 업계에 뛰어듭니다. 돈은 확실히 벌 수 있겠지만, 당신의 명예에 씻을 수 없는 오점이 될 것입니다...;;;;;;;;;;;;x;
AMD_EV_TT_26000_5;전문가로서의 경력을 끝내고 은퇴합니다. 다시는 이곳에서 일할 수 없게 됩니다...;;;;;;;;;;;;x;
AMD_EV_OPT_26000_2;일하러 간다.;;;;;;;;;;;;x;
AMD_EV_OPT_26000_3;시설을 확장한다.;;;;;;;;;;;;x;
AMD_EV_OPT_26000_4;여기서 일하고 싶다.;;;;;;;;;;;;x;
AMD_EV_OPT_26000_5;일을 그만두고 싶다.;;;;;;;;;;;;x;
AMD_EV_OPT_26000_0;저 그냥 나갈게요.;;;;;;;;;;;;x;

AMD_EV_DESC_26100_1;오늘 당신은 손님으로서 재미를 보러 왔습니다. 어떤 서비스를 이용할까요?;;;;;;;;;;;;x;
AMD_EV_DESC_26100_2;오늘 당신은 손님으로서 재미를 보러 왔습니다. 그러나 당신을 상대할 수 있는 동성애자는 없는 것 같습니다...;;;;;;;;;;;;x;
AMD_EV_DESC_26100_3;오늘 당신은 손님으로서 재미를 보러 왔습니다. 그러나 당신과 같은 이종족을 상대할 수 있는 인간은 없는 것 같습니다...;;;;;;;;;;;;x;
AMD_EV_OPT_26100_1;여자.;;;;;;;;;;;;x;
AMD_EV_OPT_26100_2;남자.;;;;;;;;;;;;x;
AMD_EV_OPT_26100_3;뭔가 색다른 것은 없는가?;;;;;;;;;;;;x;
AMD_EV_TT_26100_3;크게 다른 것은 없을지도 모릅니다만...;;;;;;;;;;;;x;

#AMD_EV_DESC_26110;당신의 욕망에 봉사할 창녀가 찾아왔습니다. 어떻게 할까요...;;;;;;;;;;;;x;
AMD_EV_DESC_26110;당신의 욕망에 봉사할 창부가 찾아왔습니다. 어떻게 할까요...;;;;;;;;;;;;x;
AMD_EV_OPT_26110_1;짧은 밤.;;;;;;;;;;;;x;
AMD_EV_OPT_26110_2;긴 밤.;;;;;;;;;;;;x;
AMD_EV_OPT_26110_3;다른 [AMD_ET_BROTHEL_WHORE.GetManWoman]는 없는가?;;;;;;;;;;;;x;

AMD_EV_DESC_26121;[AMD_ET_BROTHEL_WHORE.GetFirstName]의 서비스는 만족스러웠고, 그냥 보내기엔 아까울 정도다. 만약 적절한 몸값을 지불한다면 [AMD_ET_BROTHEL_WHORE.GetHerHim]에게 새로운 직업을 줄 수도 있을 것이다... 어떻게 할까?;;;;;;;;;;;;x;
AMD_EV_OPT_26121_1;[AMD_ET_BROTHEL_WHORE.GetHerHim]를 가신으로 만든다.;;;;;;;;;;;;x;
AMD_EV_TT_26121_1;[AMD_ET_BROTHEL_WHORE.GetFirstName]은 일반 가신으로서 당신의 궁정에 남게 됩니다.;;;;;;;;;;;;x;
AMD_EV_OPT_26121_2;[AMD_ET_BROTHEL_WHORE.GetHerHim]를 하녀로 만든다.;;;;;;;;;;;;x;
AMD_EV_TT_26121_2;[AMD_ET_BROTHEL_WHORE.GetFirstName]은 하녀가 되어 당신의 곁에 남겠지만, 더이상 게임에 등장하지는 않을 것입니다.;;;;;;;;;;;;x;
AMD_EV_OPT_26121_3;[AMD_ET_BROTHEL_WHORE.GetHerHim]를 호위병으로 만든다.;;;;;;;;;;;;x;
AMD_EV_TT_26121_3;[AMD_ET_BROTHEL_WHORE.GetFirstName]은 호위병이 되어 당신의 곁에 남겠지만, 더이상 게임에 등장하지는 않을 것입니다.;;;;;;;;;;;;x;
AMD_EV_OPT_26121_4;금화 한 닢이면 충분하다.;;;;;;;;;;;;x;
AMD_EV_OPT_26121_5;이런 천한 것에게 낭비할 돈은 없다.;;;;;;;;;;;;x;

AMD_EV_DESC_26130;평범한 여자나 남자의 서비스로 만족할 수 없는 고상한 취향을 가진 고객들을 위해, 특별한 구역이 준비되어 있다. 이 구역에서 제공하는 서비스는 현지의 사정에 따라 매일 달라질 수 있다고 한다...;;;;;;;;;;;;x;
AMD_EV_DESC_26130_1;평범한 여자나 남자의 서비스로 만족할 수 없는 고상한 취향을 가진 고객들을 위해, 특별한 구역이 준비되어 있다. 이 구역에서 제공하는 서비스는 현지의 사정에 따라 매일 달라질 수 있다고 한다...;;;;;;;;;;;;x;
AMD_EV_OPT_26130_1;특별한 상품이 있다던데...;;;;;;;;;;;;x;
AMD_EV_OPT_26130_2;남자, 더 많은 남자!;;;;;;;;;;;;x;
AMD_EV_OPT_26130_3;여자, 더 많은 여자!;;;;;;;;;;;;x;
AMD_EV_TT_26130_2;큰 방에 창부를 여러 명 불러 유익한 시간을 가집니다.;;;;;;;;;;;;x;
AMD_EV_OPT_26130_4;아! 교미 하고 싶다! 교미!;;;;;;;;;;;;x;

AMD_EV_DESC_26200;당신은 영주로서 따로 하는 일이 있기에, 이곳에서 항상 대기할 수는 없습니다. 그리고 손님들도 기다리는 것을 싫어합니다... 결국 당신이 여기서 일할 수 있는 짧은 시간 동안 찾아오는 손님이 무엇을 요구하느냐가 전부인 것이죠...;;;;;;;;;;;;x;

AMD_EV_DESC_26200_100;오늘의 손님은 [AMD_ET_TB.GetFirstName]이라는 [AMD_ET_TB.Culture.GetName] [AMD_ET_TB.GetManWoman]이며, 당신과 긴 밤을 즐기고 싶어합니다.;;;;;;;;;;;;x;
AMD_EV_DESC_26200_104;오늘의 손님은 [AMD_ET_TB.GetFirstName]이라는 [AMD_ET_TB.Culture.GetName] [AMD_ET_TB.GetManWoman]입니다. 그는 당신이 손으로 자신의 [AMD_ET_TB.AMD_CLK_GetPenisNoun]를 만족시켜주길 바랍니다.;;;;;;;;;;;;x;
AMD_EV_DESC_26200_105;오늘의 손님은 [AMD_ET_TB.GetFirstName]이라는 [AMD_ET_TB.Culture.GetName] [AMD_ET_TB.GetManWoman]입니다. 그는 당신이 입으로 자신의 [AMD_ET_TB.AMD_CLK_GetPenisNoun]를 만족시켜주길 바랍니다.;;;;;;;;;;;;x;
AMD_EV_DESC_26200_106;오늘의 손님은 [AMD_ET_TB.GetFirstName]이라는 [AMD_ET_TB.Culture.GetName] [AMD_ET_TB.GetManWoman]입니다. 그는 당신이 가슴으로 자신의 [AMD_ET_TB.AMD_CLK_GetPenisNoun]를 만족시켜주길 바랍니다.;;;;;;;;;;;;x;
AMD_EV_DESC_26200_107_F;오늘의 손님은 [AMD_ET_TB.GetFirstName]이라는 [AMD_ET_TB.Culture.GetName] [AMD_ET_TB.GetManWoman]입니다. 그는 당신이 발로 자신의 [AMD_ET_TB.AMD_CLK_GetPenisNoun]를 만족시켜주길 바랍니다.;;;;;;;;;;;;x;
AMD_EV_DESC_26200_107_M;오늘의 손님은 [AMD_ET_TB.GetFirstName]이라는 [AMD_ET_TB.Culture.GetName] [AMD_ET_TB.GetManWoman]입니다. 그녀는 자신의 발로 당신의 [AMD_ET_TB.AMD_CLK_GetPenisNoun]를 짓밟는 플레이를 원합니다.;;;;;;;;;;;;x;
AMD_EV_DESC_26200_294;오늘의 손님은 [AMD_ET_TB.GetFirstName]이라는 [AMD_ET_TB.Culture.GetName] [AMD_ET_TB.GetManWoman]입니다. 이런 손님들은 데이트할 시간이 없으므로, 빠른 성교로 즉시 욕망을 해소하고 싶어합니다.;;;;;;;;;;;;x;
#AMD_EV_DESC_26200_294; [AMD_ET_TB.Culture.GetName] [AMD_ET_TB.GetManWoman]는 자지가 필요합니다. 이런 손님들은 데이트할 시간이 없으므로, 순간의 만남으로 빠른 성교를 원합니다.;;;;;;;;;;;;x;

AMD_EV_DESC_26200_591;오늘은 여러 명의 손님들이 당신을 찾고 있습니다. 당신은 그녀들 모두를 만족시켜야 합니다...;;;;;;;;;;;;x;
AMD_EV_DESC_26200_592;오늘은 여러 명의 손님들이 당신을 찾고 있습니다. 그 남자들은 당신 몸의 모든 구멍을 공략하고 싶어합니다.;;;;;;;;;;;;x;
AMD_EV_DESC_26200_593;오늘은 여러 명의 손님들이 당신을 찾고 있습니다. 그 남자들은 당신과 함께 그리스의 고상한 고급 문화를 즐기고 싶어합니다.;;;;;;;;;;;;x;
AMD_EV_DESC_26200_594;오늘은 여러 명의 손님들이 당신을 찾고 있습니다. 그녀들은 남자로는 만족할 수 없는 몸이기에, 당신에게서 남자가 줄 수 없는 쾌락을 원합니다...;;;;;;;;;;;;x;

AMD_EV_DESC_26200_610;오늘의 손님은 [AMD_ET_TB.GetFirstName]이라고 하는 [AMD_ET_TB.Culture.GetName] [AMD_ET_TB.GetManWoman]이며, 당신의 등짝을 보고 싶어합니다...;;;;;;;;;;;;x;
AMD_EV_DESC_26200_650;오늘의 손님은 [AMD_ET_TB.GetFirstName]이라고 하는 [AMD_ET_TB.Culture.GetName] [AMD_ET_TB.GetManWoman]이며, 당신과 끈적한 조개 맞추기 놀이를 하길 원합니다...;;;;;;;;;;;;x;
AMD_EV_DESC_26200_700;종족의 차이같은 사소한 문제에 얽매이지 않는 대범한 영웅의 모습을 보고 싶어하는 손님들이 있습니다...;;;;;;;;;;;;x;
AMD_EV_DESC_26200_701;(매춘, 판매, 수간, 남주)종족의 차이같은 사소한 문제에 얽매이지 않는 대범한 영웅이 사랑을 나누는 모습을 보고 싶어하는 손님들이 있습니다... 손님들은 당신이 [AMD_ET_TB.GetFirstName]이라는 짐승과 교미하는 것을 보길 원합니다.;;;;;;;;;;;x;
AMD_EV_DESC_26200_702;(매춘, 판매, 수간, 여주)종족의 차이를 넘어 모든 것을 받아들이는 자애로운 영웅의 모습을 보고 싶어하는 손님들이 있습니다... 손님들은 당신이 [AMD_ET_TB.GetFirstName]이라는 짐승과 교미하는 것을 보길 원합니다.;;;;;;;;;;;;x;
AMD_EV_DESC_26200_703;(매춘, 판매, 수간, 이종)종족의 차이같은 사소한 문제에 얽매이지 않는 대범한 손님이 당신과 교미하길 원합니다. ;;;;;;;;;;;;x;
AMD_EV_DESC_26200_704;(매춘, 판매, 이종)당신이 다른 짐승과 교미하는 모습을 보고 싶어하는 손님이 있습니다. ;;;;;;;;;;;;x;

AMD_EV_DESC_26200_999;이곳을 찾는 손님들은 기다리는 것을 싫어합니다. 그리고 당신은 [Root.GetTitle]의 일을 하느라 이곳에 자주 오지 못하기에 손님을 가려받을 수 없습니다. 불행히도, 오늘은 당신을 찾는 손님이 없습니다...;;;;;;;;;;;;x;

AMD_EV_OPT_26200_YES;아주 좋소!;;;;;;;;;;;;x;
AMD_EV_TT_26200_V;이는 시세보다 높은 가격으로, 당신의 처녀를 파는 대가입니다.;;;;;;;;;;;;x;



AMD_EV_DESC_26291_1;당신은 이곳에서 일하고 싶다는 의사를 여주인에게 전달했습니다. [Root.GetTitle]으로서 일이 있는 당신은 이곳에 상주하며 손님을 받을 수는 없고, 당신이 시간이 나서 이곳을 방문하거나, 손님들의 요청이 있을 때만 일할 수 있습니다. 당신이 이곳에서 성실히 일한다면, 더욱 유명해지고 더 많은 돈을 받을 것입니다. 그러나 이 직종에서 유명해진다는 것은 [Root.GetTitle]로서는 큰 불명예입니다...;;;;;;;;;;;;x;
AMD_EV_DESC_26291_2;당신은 이곳의 고용 담당자를 만나게 되었습니다. 신비한 여주인은 당신 같은 종족들은 이곳에서 일할 수 없다며 거절했습니다. 이런 종족 차별적인 업계의 관행을 개선하고 보다 다양한 종족들이 차별 없이 일할 수 있도록 어떤 조치를 취해야 할 것 같습니다...;;;;;;;;;;;;x;
AMD_EV_DESC_26291_9;당신은 이곳의 고용 담당자를 만나게 되었습니다. 신비한 여주인은 지금 우주의 기운이 심상치 않아 당신을 고용할 수 없으며, 이 문제는 디버그가 필요하다고 합니다...;;;;;;;;;;;;x;
AMD_EV_OPT_26291_1;아주 좋은 조건이군!;;;;;;;;;;;;x;
AMD_EV_TT_26291_1;당신은 부업으로 몸을 파는 일을 시작합니다.;;;;;;;;;;;;x;
AMD_EV_OPT_26291_2;뭐가 문제지?;;;;;;;;;;;;x;
AMD_EV_TT_26291_2;당신은 종족 또는 성별 문제로 이곳에서 일할 수 없습니다. 하지만 당신에겐 그 문제를 해결할 돈과 권력이 있습니다!;;;;;;;;;;;;x;

AMD_EV_DESC_26292_1;나는 늙었고, 이 몸에는 더이상 청년처럼 밤을 불태울 힘이 없다. 나 자신조차 즐길 수 없는 몸으로 고객을 만족시킬 수는 없으니, 이제 밤일은 그만두어야 할 때가 되었다...;;;;;;;;;;;;x;
AMD_EV_DESC_26292_2;밤거리의 일과 [Root.GetTitle]의 업무을 동시에 하는 것은 너무나도 힘들다... 이 불명예스러운 이중생활을 그만두어야 할 때가 온 것 같다.;;;;;;;;;;;;x;
AMD_EV_OPT_26292_1;밤의 부업을 그만둔다.;;;;;;;;;;;;x;
AMD_EV_OPT_26292_2;[Root.GetTitle]의 자리를 내려놓는다.;;;;;;;;;;;;x;
AMD_EV_TT_26292_2;후계자에게 양위합니다. 당신은 모든 권리를 포기하고 일개 가신이 되어 후계자의 궁정에 남을 것입니다...;;;;;;;;;;;;x;




AMD_EV_DESC_26300; [Root.GetCapitalLocation]의 밤문화를 발전시키기 위해 거금을 투자해 새로운 시설을 짓고 고용을 창출할 수 있다. 무엇을 할 수 있을까...;;;;;;;;;;;;x;
AMD_EV_OPT_26300_0;지금은 업그레이드할 것이 없다.;;;;;;;;;;;;x;
AMD_EV_OPT_26300_1;성평등 고용;;;;;;;;;;;;x;
AMD_EV_TT_26300_1;일반적으로 이 업계는 여성과 남성의 입장이 한정적이지만, 이 제한을 넘어서 자유로운 고용과 거래가 가능해진다면 더욱 많은 고객과 판매자를 이 시장에 끌어들일 수 있을 것입니다.;;;;;;;;;;;;x;
AMD_EV_OPT_26300_2;넓은 작업장;;;;;;;;;;;;x;
AMD_EV_TT_26300_2;전통적인 일대일 작업만으로는 시장의 수요를 모두 만족시킬 수 없습니다. 다수의 인원이 동시에 작업을 진행할 수 있도록 시설을 증축하면 활발한 거래를 통해 경제가 발전할 것입니다.;;;;;;;;;;;;x;
AMD_EV_OPT_26300_3;다문화 시장;;;;;;;;;;;;x;
AMD_EV_TT_26300_3;자유시장에는 어떠한 진입장벽도 없어야 합니다. 특정한 문화권 출신자들이 이 시장에 참여할 수 없다는 것은 심각한 차별이며, 이를 해소한다면 [Root.GetCapitalLocation]의 문화는 눈부시게 발전할 것입니다...;;;;;;;;;;;;x;


#	이벤트 - 특성 취득 ;0000000001000000000200000000030000000004000000000500000000060000000007;;;;;;;;;;;;;x;


AMD_EV_DESC_27001_1;(말)당신은 피곤한 인간들로부터 벗어나 [From.GetFirstName]과 함께 시간을 보내기로 했습니다.;;;;;;;;;;;;;x;
AMD_EV_DESC_27001_2;(곰)당신은 피곤한 인간들로부터 벗어나 [From.GetFirstName]과 함께 시간을 보내기로 했습니다.;;;;;;;;;;;;;x;
AMD_EV_DESC_27001_3;(고양이)당신은 피곤한 인간들로부터 벗어나 [From.GetFirstName]과 함께 시간을 보내기로 했습니다.;;;;;;;;;;;;;x;
AMD_EV_OPT_27001_1;[From.GetHerHim]와 편히 쉰다.;;;;;;;;;;;;x;
AMD_EV_OPT_27001_2;[From.GetHerHim]에게 미약을 사용한다.;;;;;;;;;;;;x;
AMD_EV_TT_27001_2;이 어리석고 불쌍한 짐승을 미약으로 발정시켜 당신의 뒤틀린 욕망을 채웁니다.;;;;;;;;;;;;x;

AMD_EV_TT_27001_1_HAPPY;재미있게 잘 놀았습니다.;;;;;;;;;;;;x;
AMD_EV_TT_27001_1_FEAST;맛있는 것을 먹여주었습니다.;;;;;;;;;;;;x;
AMD_EV_TT_27001_1_WOUND;너무 과격하게 놀다가 당신이 부상을 입었습니다...;;;;;;;;;;;;x;


#	이벤트 - 특성 취득 ;0000000001000000000200000000030000000004000000000500000000060000000007;;;;;;;;;;;;;x;
AMD_EV_DESC_88001;며칠전의 흥미로운 활동으로 인해 나는 새로운 세계에 눈을 뜬 것 같다. 내가 그런 것에 즐거움을 느낀다는 사실을 받아들이고 이 성벽을 인정할 수 있을까?;;;;;;;;;;;;x;
AMD_EV_OPT_88000_REFUSE_ZEAL;그런 죄악이 내 영혼을 잠식하게 둘 순 없다!;;;;;;;;;;;;x;
AMD_EV_OPT_88000_REFUSE;아니, 나는 그런 변태가 아니다...;;;;;;;;;;;;x;


